user_id,age,gender,year_of_study,sleep_hours,phone_hours,platform,social_frequency,daily_notifications,exercise_days,study_hours,content_type_1,content_type_2,mental_health_risk,sleep_disruption,mood_score,content_influence_score,misinformation_susceptibility
STU0000,0.8024718009957509,Female,0.017024171147864246,-0.5338183485802906,1.291387894613895,Twitter,Always,0.234985449708024,-0.08705822814034944,-0.10122422099493338,Gaming,Social,0.5024257615168088,1.720801482871793,1.8953719690602608,1.509967220228581,0.9129452229659673
STU0001,-0.3472012663334044,Female,-0.6923162933464787,0.22366382819772743,-2.0320994941905077,Twitter,Often,-0.3240046179887326,-0.08705822814034944,0.47095791206995224,Entertainment,Fitness,-0.6252367360407208,-1.519008511196153,1.8953719690602608,0.5584583059662308,1.0312641422803406
STU0002,1.185696156772136,Male,0.7263646356422071,1.1188700371172036,-1.3077496786818559,Facebook,Often,0.9337230343289697,1.4492634449246415,1.3552393904429578,News,Social,-0.37282641382196124,-1.275506362304092,-0.4488167582304493,-0.7969754709192539,-1.0593333042518236
STU0003,0.03602308944298066,Female,1.4357051001365502,-0.12064625215591727,0.3966028283973252,Twitter,Rarely,-1.4070478741511985,-1.1112726768503434,1.4072559479943108,News,Entertainment,2.2813585785193284,-0.0754737492487628,-1.0370122068486645,-0.40004699737157756,-0.5273429753044898
STU0004,0.8024718009957509,Male,-1.4016567578408217,0.9811460049757461,-1.4781849293897737,Facebook,Always,-0.42881525568187445,0.42504899621464753,0.8350738149294251,News,Fitness,1.0257679824993904,0.5656558891065174,-0.37061984687287797,1.2986762701497356,0.5246278674718015
STU0005,-0.7304256221097896,Male,1.4357051001365502,0.9122839889050168,-1.2225320533278967,YouTube,Rarely,-1.12755284030282,-0.5991654524953465,-1.2455884871247052,Educational,Entertainment,-0.5847477082445375,-0.034161802291545265,1.1692577921685268,1.464723904207283,-0.9926121091497333
STU0006,0.8024718009957509,Male,-0.6923162933464787,-1.9110586699948695,-0.5407910504962243,TikTok,Often,1.457776222794679,1.4492634449246415,-0.3092904512003466,Social,Fitness,-0.4839558730923366,0.8345807745876355,0.6180125324335597,-0.17569612101854298,0.94675062848436
STU0007,1.185696156772136,Male,1.4357051001365502,-0.9469904450046647,0.8226909551671204,Twitter,Always,-0.498689014143969,0.42504899621464753,-0.20525733609764,Entertainment,Educational,1.6671314121644636,0.9108489843548063,-0.03377161333257048,-0.6668426341157266,0.7861749522719959
STU0008,0.03602308944298066,Male,-1.4016567578408217,-1.5667485896412248,0.013123514304509382,TikTok,Often,-1.721479787230624,0.42504899621464753,-0.6213897965084659,Educational,News,-0.9702549409847931,-0.014300289331344517,-1.1534482671668065,-1.1645191103500048,-0.032716515614326695
STU0009,-0.3472012663334044,Female,-0.6923162933464787,2.082938262107409,0.18355876501242763,TikTok,Sometimes,-0.8480578064544418,0.9371562205696445,0.4189413545185992,Social,Entertainment,-1.5504540946173342,1.039551588336907,0.14496418405616388,0.8121940164361913,1.816350204648271
STU0010,1.185696156772136,Female,1.4357051001365502,0.01707777998554073,1.1209526439059767,TikTok,Often,0.13017481201488215,-0.08705822814034944,-1.6097043899841779,Social,Fitness,0.16946811804393996,0.9036988396891343,-0.44108299776651366,-0.7172166354590275,1.0183647112272702
STU0011,1.185696156772136,Female,0.7263646356422071,1.8763522138952218,-0.19992054908038823,YouTube,Always,1.31802870587049,-1.1112726768503434,1.8233884084051373,Fitness,News,-0.4077158952208001,-0.6236515069503034,-1.5968505337657823,-0.027839098557187535,0.4499001289574603
STU0012,-0.7304256221097896,Female,-0.6923162933464787,-1.6356106057119542,-0.37035579978830646,Instagram,Often,1.457776222794679,0.9371562205696445,1.3032228328916047,Fitness,Entertainment,0.400341723349836,0.42861144968113213,-0.8363640881454456,0.15033560989782116,-0.24622433994101572
STU0013,0.41924744521936574,Female,-0.6923162933464787,-0.60268036465102,0.4392116410743046,Twitter,Always,-1.372110994920151,-1.6233799012053403,0.5749910271726589,Entertainment,Gaming,0.6070942057133252,0.45840371912143324,0.48782756462397653,-0.55116900140148,0.17767765294093174
STU0014,0.03602308944298066,Female,0.7263646356422071,0.8434219728342881,-0.19992054908038823,Instagram,Rarely,0.8638492758668752,1.4492634449246415,0.0028088941077729977,Entertainment,Fitness,-0.7174138844277763,-0.7714211633741972,-0.8067180063670257,0.7510922185105207,-1.0980315974110362
STU0015,-1.1136499778861746,Male,0.017024171147864246,0.22366382819772743,1.5044319579987926,Instagram,Often,0.47954360432535503,1.4492634449246415,1.3552393904429578,Entertainment,Gaming,1.4664092105365765,1.081260765553329,1.367757644076208,1.1778719521134862,-1.7848150989952196
STU0016,1.185696156772136,Male,-1.4016567578408217,0.01707777998554073,-1.179923240650917,Instagram,Often,-0.5336258933750163,-1.1112726768503434,0.7830572573780721,Educational,Educational,-0.34956675955606875,-1.9793983816136067,1.384514125081402,1.646163594230839,-0.04783998650413368
STU0017,0.41924744521936574,Female,0.017024171147864246,-1.2913005253583094,-0.029485298372469985,TikTok,Always,-0.11438334260244885,0.42504899621464753,1.1991897177888982,Gaming,Fitness,1.9415091856343438,0.2959365431069913,-0.6696585848117222,1.0435412818646839,1.4965332761255845
STU0018,-1.1136499778861746,Male,1.4357051001365502,1.4631801174708483,0.22616757768940698,Facebook,Sometimes,0.47954360432535503,1.4492634449246415,0.0028088941077729977,Entertainment,Educational,0.22330991032609857,0.1743840837905626,0.07450103316252812,-1.2200237970153085,-0.3796667301451965
STU0019,0.03602308944298066,Female,0.7263646356422071,0.8434219728342881,-0.37035579978830646,TikTok,Always,-0.5685627726060636,-1.1112726768503434,1.9274215235078433,Fitness,News,0.7272690860871032,-0.2868002471452988,0.7052321643323893,0.6741319386804774,1.8523796500033998
STU0020,-1.4968743336625598,Male,0.017024171147864246,0.43024987640991413,-2.1173171195444667,TikTok,Often,0.06030105355278759,1.4492634449246415,1.251206275340251,Gaming,Entertainment,-1.7417001408035613,-1.5090777547160528,0.3945927856976414,0.29026339140699026,-0.2293216371818197
STU0021,0.41924744521936574,Female,-0.6923162933464787,-0.6715423807217487,0.013123514304509382,Instagram,Often,-0.9179315649165365,1.4492634449246415,0.5749910271726589,Educational,Social,0.5967565815951507,-0.10089648583781978,-0.42647478355685736,0.9866373173842886,-2.2807759825874245
STU0022,1.568920512548521,Other,1.4357051001365502,0.36138786033918546,0.9931262058750383,TikTok,Sometimes,0.7939755174047807,-0.08705822814034944,1.3552393904429578,Gaming,Educational,0.014834490609580652,1.2588226914175238,-0.16395658114215358,-0.7792512852614257,0.8417759481904045
STU0023,-1.4968743336625598,Female,1.4357051001365502,-0.2583702842973753,0.8226909551671204,Instagram,Always,0.6891648797116388,-1.6233799012053403,-0.3613070087516997,News,Social,1.1717869231686044,-0.3690269108005299,-2.4011616220150875,-0.39818129361812205,-0.1697173695572855
STU0024,-0.7304256221097896,Male,0.017024171147864246,-1.7044726217826829,0.3966028283973252,Facebook,Sometimes,-0.42881525568187445,-0.08705822814034944,-1.1415553720219989,Gaming,Social,0.919376600949845,-0.13148321579652877,-1.8469087887663678,-1.3473580781886525,0.9302927336925108
STU0025,0.8024718009957509,Male,0.017024171147864246,-0.051784236085187965,-1.1373144279739378,Twitter,Sometimes,-0.3240046179887326,-1.6233799012053403,0.36692479696724567,Entertainment,Entertainment,-0.1191238885884299,-1.2810675859329483,-0.22024117118524075,0.9647152982811855,-1.3070913420642525
STU0026,-0.3472012663334044,Female,0.7263646356422071,-0.12064625215591727,0.4392116410743046,Instagram,Sometimes,-1.0576790818407256,1.4492634449246415,0.0028088941077729977,Educational,News,-0.8513722636257869,0.1116217028363283,0.6781640027086148,0.47496806299909355,-0.09854809478172238
STU0027,1.568920512548521,Female,-1.4016567578408217,1.1188700371172036,-0.5833998631732039,Facebook,Always,-1.12755284030282,0.9371562205696445,-0.15324077854628668,Entertainment,Entertainment,-1.787357980658832,-1.9444421188036531,-0.27566645451011274,-0.7829826927683371,-0.48419660247180474
STU0028,-0.7304256221097896,Male,0.017024171147864246,-2.324230766419243,0.3966028283973252,Twitter,Often,-1.5467953910753875,0.42504899621464753,1.3032228328916047,Fitness,Fitness,1.5258505492160794,1.6802839964329837,-0.7104756539269379,0.23242657504986694,0.140313783683761
STU0029,0.03602308944298066,Female,0.017024171147864246,0.29252584426845674,0.14094995233544788,YouTube,Always,-0.8131209272233946,1.4492634449246415,0.21087512431318597,News,Educational,0.4416922198225338,-0.8870151688025654,-1.3614004929748533,0.1708583511858325,1.0495012689415792
STU0030,-0.7304256221097896,Male,-0.6923162933464787,-1.1535764932168513,-1.0094879899429992,Instagram,Sometimes,-0.42881525568187445,-1.6233799012053403,0.3149082394158926,Fitness,Social,-1.2002670776141746,0.12592199216767283,0.6455103474164419,-1.6379414377893604,0.4663580237493092
STU0031,0.8024718009957509,Male,1.4357051001365502,0.36138786033918546,-0.9242703645890401,Instagram,Often,1.31802870587049,-1.6233799012053403,-0.3092904512003466,Entertainment,Entertainment,-0.8009763460496864,-0.8461004521045518,0.3245592881631134,-0.2946347353013366,0.011319473153053029
STU0032,0.03602308944298066,Male,-1.4016567578408217,0.43024987640991413,0.3966028283973252,YouTube,Often,-0.7781840479923473,-1.6233799012053403,0.9911234875834849,Entertainment,Entertainment,0.5093175109289251,-0.13624997890697713,0.025950203583376887,0.2977262064208125,-1.4058387108153463
STU0033,1.568920512548521,Male,-0.6923162933464787,-0.051784236085187965,-0.24252936175736758,YouTube,Always,1.0035967927910643,1.4492634449246415,0.7830572573780721,Entertainment,Entertainment,0.2840434520203736,-1.218305204978714,0.6553923746759154,2.028166437750871,1.013916631553797
STU0034,0.8024718009957509,Other,0.7263646356422071,0.8434219728342881,-0.8816615519120606,Instagram,Always,1.1084074304842062,-1.1112726768503434,0.9391069300321317,Social,Educational,-1.2976130380603172,0.20616250452688398,0.14754210421080918,-0.7111530982602967,1.7531874732849586
STU0035,-1.1136499778861746,Female,0.7263646356422071,-1.2913005253583094,-0.9668791772660195,YouTube,Rarely,0.09523793278383487,0.9371562205696445,-0.46534012385440626,News,News,-0.380579631910592,-0.6693329867587653,-0.20305503682093942,-2.3800251057263204,-1.0775704309130616
STU0036,-0.3472012663334044,Male,0.017024171147864246,1.1877320531879323,-0.3277469871113267,TikTok,Often,-1.2673003572270094,-1.1112726768503434,1.4072559479943108,Entertainment,Entertainment,0.16085343127879478,-1.64135543103099,1.3174882010606264,-1.2125609820014862,-0.9334526494925466
STU0037,1.568920512548521,Female,0.017024171147864246,-0.7404043967924774,1.674867208706711,Twitter,Rarely,-0.2191939802955907,0.42504899621464753,1.979438081059197,Entertainment,Educational,0.4184325655566414,1.7517854430897062,-0.36675296664091,-0.6743054491295488,0.9939002730231705
STU0038,-1.1136499778861746,Female,0.7263646356422071,-1.5667485896412248,0.013123514304509382,Twitter,Often,0.3397960874011659,1.4492634449246415,0.9391069300321317,Fitness,Social,0.04584736296410395,0.8782761031000774,0.007045455782645147,-0.6439877631358956,-0.26090300286347584
STU0039,1.568920512548521,Other,0.017024171147864246,-0.2583702842973753,0.013123514304509382,Twitter,Sometimes,-1.581732270306435,-1.6233799012053403,-0.7774394691625258,Fitness,Fitness,-0.0045485546119965635,0.6701274472771732,-0.32980277775766204,-1.3776757641823056,-0.9080985953537523
STU0040,0.03602308944298066,Male,-1.4016567578408217,-2.1176447182070564,0.14094995233544788,TikTok,Sometimes,0.968659913560017,0.9371562205696445,-0.7774394691625258,Entertainment,Gaming,1.1855704219928367,1.428440012097638,-0.31562421690711345,0.5817796028844257,0.21014863455728225
STU0041,-1.1136499778861746,Male,0.017024171147864246,0.01707777998554073,-1.179923240650917,YouTube,Often,-0.254130859526638,0.9371562205696445,-0.3613070087516997,Educational,Educational,-1.5741444832214837,-1.0514684961130276,0.5475493815399239,-1.5609811579593171,-1.1264993073212612
STU0042,-0.3472012663334044,Male,1.4357051001365502,-0.2583702842973753,-1.8616642434825896,Facebook,Often,0.234985449708024,-0.5991654524953465,-0.5173566814057596,Social,Gaming,-1.5849128416779155,-1.7589355877553785,0.8818196949255861,-0.619267188402609,0.5455338419371231
STU0043,0.8024718009957509,Male,0.017024171147864246,1.3254560853293909,0.013123514304509382,YouTube,Sometimes,0.13017481201488215,0.42504899621464753,0.0028088941077729977,Fitness,Entertainment,-1.019789389884379,-1.2544531585662793,-0.04623156074668895,1.3844986428086927,-0.46106658816974694
STU0044,1.185696156772136,Male,-0.6923162933464787,0.7056979406928301,0.013123514304509382,Instagram,Often,-0.14932022183349614,0.9371562205696445,0.7310406998267186,Educational,Entertainment,-1.663737225578996,-0.9462024774239637,-0.43678646417543826,0.6279557707824518,-0.8222506576557294
STU0045,-0.7304256221097896,Female,-1.4016567578408217,-1.4290245574997669,0.0983411396584685,Twitter,Often,-0.8829946856854892,1.4492634449246415,0.36692479696724567,Social,Educational,-1.7727130131580846,-0.21609326100698406,0.5333708206893754,0.46657239610854306,1.4747376857255685
STU0046,-1.4968743336625598,Male,-0.6923162933464787,-0.8781284289339354,0.7800821424901406,YouTube,Rarely,0.025364174321740297,-1.6233799012053403,0.26289168186453954,Entertainment,Gaming,1.8527779119533465,-0.5251384026677077,-0.8458164620458113,1.8537231368027733,-2.2807759825874245
STU0047,-0.3472012663334044,Male,-0.6923162933464787,0.5679739085513722,0.0983411396584685,Facebook,Always,1.2132180681773481,-1.6233799012053403,-0.20525733609764,News,Entertainment,-0.22551527013797554,0.08381558469204714,0.5191922598388268,1.5617404993869737,0.8417759481904045
STU0048,-1.1136499778861746,Male,1.4357051001365502,0.9122839889050168,-0.11470292372642911,Instagram,Sometimes,1.2481549474083953,0.9371562205696445,0.0028088941077729977,Gaming,Social,-1.797264870438749,1.0093620886374022,0.9329484446593826,0.2338258528649587,0.8684644262312403
STU0049,1.185696156772136,Male,-1.4016567578408217,1.2565940692586621,-0.6260086758501834,TikTok,Often,0.724101758942686,-1.1112726768503434,0.8870903724807783,Gaming,News,-1.1455638166555016,-0.24628276070648913,-0.16524554121947624,-0.5530347051549359,-0.6652334451821432
STU0050,-0.3472012663334044,Male,-1.4016567578408217,1.2565940692586621,0.950517393198059,TikTok,Often,-0.6034996518371109,0.42504899621464753,-2.025836850395004,Entertainment,News,-0.9340732565711825,-0.22006556359902427,0.7460492334476052,0.2604121313517008,0.8609026907863367
STU0051,-1.1136499778861746,Female,-1.4016567578408217,-0.051784236085187965,-0.9668791772660195,Facebook,Sometimes,-0.044509584140354275,-1.6233799012053403,0.0548254516591263,Fitness,Entertainment,-0.16779686881150138,-0.4572120283438212,1.1580868048317312,-0.6990260238628354,-0.995280956953817
STU0052,0.41924744521936574,Male,-1.4016567578408217,0.36138786033918546,-1.179923240650917,Instagram,Rarely,1.1084074304842062,0.9371562205696445,0.36692479696724567,Educational,Gaming,-1.824401133748957,-2.2205171489504436,1.1533606178815485,-1.107615145869609,-1.147405281786583
STU0053,0.41924744521936574,Male,-1.4016567578408217,1.3254560853293909,0.6096468917822229,Twitter,Often,-0.5336258933750163,-1.6233799012053403,0.8870903724807783,News,Fitness,0.5902955665212917,-0.6498687040577685,0.5221998333525798,0.38914569034013635,-0.8151337301781728
STU0054,-0.3472012663334044,Male,1.4357051001365502,-0.32723230036810397,-1.3929673040358148,YouTube,Always,1.0035967927910643,0.9371562205696445,-0.9855056993679389,Social,Entertainment,0.20952641150186596,-1.5027220705687887,0.20339704089478858,0.15406701740473225,1.6749012710318396
STU0055,0.41924744521936574,Female,0.017024171147864246,0.43024987640991413,2.5696522749232806,Instagram,Often,1.4927131020257263,0.42504899621464753,-1.0375222569192921,Entertainment,Fitness,-0.38144110058710673,1.3454188879239988,0.44529188207233084,-0.461615221235612,-1.7643539324972453
STU0056,-1.1136499778861746,Male,-0.6923162933464787,-0.32723230036810397,0.0983411396584685,TikTok,Often,0.16511169124592945,0.9371562205696445,0.6790241422753654,News,Fitness,-0.7070762603096018,0.004766763110448361,-0.37663499390038346,1.678346983977948,1.5481310003378677
STU0057,-1.1136499778861746,Male,-1.4016567578408217,-0.5338183485802906,0.3966028283973252,Facebook,Often,-1.5467953910753875,-0.5991654524953465,-1.9218037352922974,News,Gaming,-0.05236006615855337,-0.49057937011695857,0.02852812373802189,0.5225435087122109,-0.35520229194109676
STU0058,-0.3472012663334044,Male,0.017024171147864246,0.08593979605626943,-0.8390527392350811,Facebook,Sometimes,0.9337230343289697,0.9371562205696445,1.4592725055456643,Fitness,Fitness,-0.8250974689920936,-0.1986151296020075,1.8953719690602608,-0.8534130094612855,0.5450890339697759
STU0059,1.185696156772136,Female,0.017024171147864246,-0.6715423807217487,-0.3277469871113267,YouTube,Often,1.4927131020257263,0.9371562205696445,0.3149082394158926,Social,Social,0.6932410733647789,0.41510562086819547,0.7249962188513362,0.09109951572560608,0.9053834875210636
STU0060,0.8024718009957509,Male,-0.6923162933464787,-0.12064625215591727,-0.4555734251422654,Facebook,Always,1.457776222794679,1.4492634449246415,1.6673387357510772,News,Gaming,0.8207384374889302,1.2524670072702595,-0.15665247403732543,1.0566012081388731,0.44723128115337657
STU0061,1.568920512548521,Female,1.4357051001365502,-1.0847144771461221,-0.5833998631732039,Facebook,Sometimes,-1.12755284030282,0.42504899621464753,-1.0895388144706453,Fitness,Entertainment,2.0685758154202376,0.5684365009209452,-0.317772483702651,-2.0050186512817474,-0.6447722786841689
STU0062,1.185696156772136,Female,0.7263646356422071,-0.18950826822664596,0.6948645171361816,Instagram,Sometimes,0.025364174321740297,1.4492634449246415,-0.41332356630305295,Educational,Social,-1.824401133748957,0.5871063231035345,0.06633761933948507,-0.18782319541600423,0.714116061561738
STU0063,0.03602308944298066,Male,0.7263646356422071,0.49911189248064347,-0.4555734251422654,Twitter,Sometimes,-1.4070478741511985,0.9371562205696445,-2.025836850395004,Fitness,Educational,-1.4535388685094486,-1.3478022694792229,1.3510011630710141,-1.674789086920108,-0.560703572855535
STU0064,-1.1136499778861746,Female,0.017024171147864246,-0.60268036465102,1.0783438312289975,YouTube,Often,-0.11438334260244885,0.42504899621464753,-0.7774394691625258,Educational,News,1.999658321299075,-0.11162170283632802,-0.1622379677057235,2.028166437750871,-1.2172401326601041
STU0065,0.03602308944298066,Female,-0.6923162933464787,0.01707777998554073,2.867913963662137,Instagram,Always,-1.232363477995962,-0.5991654524953465,0.0028088941077729977,Educational,Entertainment,0.10485796730534966,1.6485055756966625,-1.772578757640764,1.3350574933421195,0.7132264456270436
STU0066,1.185696156772136,Male,0.7263646356422071,0.15480181212699873,-0.28513817443434736,Twitter,Rarely,0.40966984586326044,0.42504899621464753,-1.9738202928436508,News,Entertainment,1.192031437066696,-0.2875947076637069,-0.3134759501115756,-1.6104223074258903,0.08604721166739422
STU0067,1.568920512548521,Male,0.017024171147864246,0.49911189248064347,0.18355876501242763,Instagram,Often,-0.35894149721977986,-1.6233799012053403,-0.3613070087516997,Fitness,Entertainment,0.3744976630543998,0.04409255877164564,-0.04021641371918344,2.028166437750871,1.2719052526152137
STU0068,1.568920512548521,Female,1.4357051001365502,0.01707777998554073,0.3966028283973252,Instagram,Sometimes,1.457776222794679,1.4492634449246415,-2.025836850395004,Educational,Social,-0.08940321924867846,1.2202913562747342,0.2811642988932525,-0.7279444320413972,-0.5629276126922715
STU0069,-1.4968743336625598,Female,0.7263646356422071,1.1188700371172036,1.9305200847685877,Facebook,Always,-0.8131209272233946,0.42504899621464753,-0.20525733609764,Social,Educational,-0.4288218777954063,-0.8540450572886322,0.04399564466589312,0.6708669571119305,0.10695318613271582
STU0070,1.568920512548521,Other,0.017024171147864246,-2.1865067342777857,-0.07209411104944974,Twitter,Sometimes,-1.1624897195338675,-0.5991654524953465,1.251206275340251,News,Gaming,0.33702377562601754,1.7517854430897062,0.3047952336441668,-0.4723430178179815,0.2119278664266713
STU0071,0.8024718009957509,Male,0.017024171147864246,3.0470064870976143,-0.8816615519120606,YouTube,Often,-1.4419847533822459,-0.08705822814034944,0.0028088941077729977,Fitness,Educational,0.137593777012902,-1.0570297197418839,1.8953719690602608,-1.1878404072681996,-0.4948719936881393
STU0072,1.568920512548521,Female,-1.4016567578408217,-0.8781284289339354,-1.3503584913588353,YouTube,Often,1.5975237397188682,0.9371562205696445,0.0028088941077729977,Fitness,Social,-0.6291133450850362,-1.6782978451369632,-0.9085458524755115,-0.21814088140965746,-0.6652334451821432
STU0073,1.185696156772136,Male,1.4357051001365502,0.43024987640991413,-0.029485298372469985,Twitter,Often,-0.07944646337140156,0.42504899621464753,0.0028088941077729977,Gaming,Entertainment,-0.7169831500895191,1.6818729174697993,0.9419711652006412,-2.3067962334031886,0.7572624343944231
STU0074,-1.4968743336625598,Female,-1.4016567578408217,-0.9469904450046647,-0.4555734251422654,Facebook,Often,0.6542280004805915,0.9371562205696445,1.4592725055456643,Fitness,News,0.14448552642501847,0.5255356329269117,0.27815672537949976,0.9362633160409878,1.7353951545910682
STU0075,1.185696156772136,Female,-0.6923162933464787,0.7056979406928301,0.013123514304509382,TikTok,Sometimes,0.20004857047697674,-1.1112726768503434,-0.7254229116111726,News,Entertainment,0.6807497775553178,0.37220475287416194,-2.3616335129771944,-0.7615270996035978,-0.2978220641532991
STU0076,1.185696156772136,Male,-1.4016567578408217,0.29252584426845674,1.8879112720916085,Instagram,Often,-0.6384365310681581,-1.6233799012053403,-0.7774394691625258,Social,Gaming,1.2984228186162414,1.0979444364398978,0.4298243611444596,0.16526123992546587,-0.5655964604963549
STU0077,-0.7304256221097896,Male,-1.4016567578408217,-0.6715423807217487,-1.094705615296958,Facebook,Sometimes,-1.12755284030282,1.4492634449246415,0.4189413545185992,Fitness,Fitness,-1.4104654346837218,-1.1587206660981118,0.9531421525374367,0.10322659012306731,-0.20708123881445625
STU0078,-1.4968743336625598,Male,0.7263646356422071,1.1188700371172036,-0.7538351138811219,Twitter,Sometimes,-0.07944646337140156,-1.6233799012053403,-1.6097043899841779,Gaming,News,-0.39177872470528124,-0.3694241410597338,1.0102860492987393,-0.7657249330488727,0.44723128115337657
STU0079,1.185696156772136,Male,0.017024171147864246,-0.12064625215591727,0.0983411396584685,Instagram,Often,1.2481549474083953,-0.08705822814034944,0.5229744696213058,News,Entertainment,-0.2746189846993042,-0.3547266214691854,-1.8121068666786573,-0.16403547255944556,0.19502516366747497
STU0080,-0.7304256221097896,Male,1.4357051001365502,0.5679739085513722,1.5044319579987926,YouTube,Sometimes,-1.476921632613293,-1.1112726768503434,-0.2572738936489933,Educational,News,-0.9233048981147507,1.7517854430897062,-0.6675103180161844,-0.8529465835229216,0.6669664170229275
STU0081,-0.7304256221097896,Female,-1.4016567578408217,-0.9469904450046647,0.05573232698148875,TikTok,Sometimes,-0.7083102895302528,1.4492634449246415,1.4592725055456643,Entertainment,Fitness,0.28792006106468887,0.37021860157814196,-0.8819073442108444,1.8602530999398679,0.5940179103779752
STU0082,-1.4968743336625598,Female,1.4357051001365502,0.01707777998554073,-0.668617488527163,YouTube,Often,-0.009572704909306989,0.42504899621464753,0.7830572573780721,Entertainment,Educational,-1.526332971674927,0.20735419530449578,1.8953719690602608,0.29725978048244867,-1.1367298905702485
STU0083,0.03602308944298066,Female,-1.4016567578408217,2.082938262107409,-0.029485298372469985,Twitter,Always,-1.3022372364580566,-1.1112726768503434,1.1991897177888982,Educational,Social,-0.17425788388536034,-1.6461221941414381,1.2070672877699902,-0.8692714913656578,-0.62831438389232
STU0084,0.8024718009957509,Female,-0.6923162933464787,0.9811460049757461,-0.668617488527163,Instagram,Often,1.1084074304842062,-0.08705822814034944,-0.7254229116111726,Fitness,Entertainment,0.16214563429356632,0.10288263713384002,-0.12743604561801306,-0.06515317362629951,-1.4080627506520826
STU0085,1.568920512548521,Female,-1.4016567578408217,0.36138786033918546,0.6522557044592022,Twitter,Rarely,-1.721479787230624,0.9371562205696445,1.1471731602375446,Entertainment,Gaming,-1.4565540088772495,-0.07587097950796673,-1.2758994745124537,-1.2778606133724317,1.0632903159293448
STU0086,0.8024718009957509,Female,0.7263646356422071,-0.464956332509562,-0.7538351138811219,Instagram,Rarely,-0.5336258933750163,0.9371562205696445,1.5633056206483709,Entertainment,Educational,0.044555159949332096,-1.347405039220019,0.5793437301138818,1.2114546196756866,-2.005884658766812
STU0087,1.568920512548521,Female,0.017024171147864246,0.08593979605626943,-0.5407910504962243,Facebook,Always,-0.42881525568187445,-0.5991654524953465,0.0028088941077729977,Educational,Entertainment,-0.002394882920710342,-0.5243439421492996,0.9213478039634794,0.27860274294789283,-1.4013906311418736
STU0088,1.185696156772136,Male,-0.6923162933464787,0.22366382819772743,1.2487790819369156,TikTok,Sometimes,0.6891648797116388,-1.1112726768503434,-0.7254229116111726,Fitness,Educational,-0.19751753815125284,1.7517854430897062,-2.1077083777446415,-0.8991227514209472,-0.5575899170841041
STU0089,-1.1136499778861746,Male,-1.4016567578408217,0.49911189248064347,-0.7964439265581015,Facebook,Rarely,-0.42881525568187445,-0.08705822814034944,-0.6734063540598193,Fitness,Gaming,1.464686273183547,0.061967920435826426,-0.6610655176295714,0.14613777645254591,0.49527054162688156
STU0090,-1.4968743336625598,Male,1.4357051001365502,-1.0847144771461221,-1.5207937420667534,Facebook,Often,0.13017481201488215,-0.08705822814034944,1.3552393904429578,Educational,Entertainment,-0.3344910577170643,-0.5434109945910925,-0.7865242984889717,-0.8133003787619904,-1.0121836597130132
STU0091,0.8024718009957509,Male,-0.6923162933464787,0.7056979406928301,0.0983411396584685,Twitter,Often,-1.0227422026096784,-1.6233799012053403,2.863719559432202,Fitness,Fitness,-0.34095207279092354,-1.852681928927526,0.7125362714372174,-1.317973244071727,-0.4143617515982835
STU0092,0.8024718009957509,Male,-0.6923162933464787,-1.0847144771461221,-0.37035579978830646,TikTok,Often,-1.4419847533822459,-1.6233799012053403,-0.9855056993679389,Fitness,Fitness,-0.1531519013107544,-0.5819423297338819,-0.7616044036607347,0.24082224194041707,-0.39479020103500373
STU0093,1.185696156772136,Male,-1.4016567578408217,1.6697661656830356,0.5670380791052431,Instagram,Sometimes,0.40966984586326044,0.9371562205696445,-1.0375222569192921,News,Gaming,0.1492236041458484,-1.460615663093163,0.21929421518176756,0.23988939006368915,0.11229088174088293
STU0094,0.03602308944298066,Female,-0.6923162933464787,-0.8092664128632067,0.35399401572034545,Instagram,Rarely,-1.5467953910753875,0.9371562205696445,0.9911234875834849,News,News,-0.4477741886787261,-1.1742126462070683,0.13980834374687356,0.9754430948635553,-1.2510455381784966
STU0095,-0.7304256221097896,Female,1.4357051001365502,0.29252584426845674,-0.029485298372469985,YouTube,Always,1.4228393435636317,0.42504899621464753,-0.7254229116111726,Educational,Gaming,0.7914485024874359,0.6971391049030464,-0.8294896343997251,0.30798757706481816,-1.0726775432722417
STU0096,1.185696156772136,Male,-0.6923162933464787,1.0500080210464748,-0.07209411104944974,Instagram,Sometimes,1.457776222794679,1.4492634449246415,1.0951566026861914,Social,News,-0.8057144237705165,-0.19821789934280357,-0.6894226393306686,-0.22187228891656888,2.032971684746391
STU0097,0.41924744521936574,Male,1.4357051001365502,-0.2583702842973753,-0.7538351138811219,Twitter,Often,0.13017481201488215,-0.08705822814034944,0.5229744696213058,Entertainment,Entertainment,0.6790268402022889,1.2075799879802056,1.5271590403051039,-0.11179576746268921,0.336918905251254
STU0098,-0.7304256221097896,Male,-1.4016567578408217,0.36138786033918546,0.0983411396584685,Facebook,Often,0.2699223289390713,1.4492634449246415,0.0548254516591263,News,News,-1.4173571840958379,-0.8449087613269397,1.8339315387078832,1.6410329089088362,0.687872391488249
STU0099,-1.4968743336625598,Female,0.017024171147864246,1.532042133541577,0.950517393198059,Facebook,Often,-1.476921632613293,1.4492634449246415,0.5229744696213058,Entertainment,Entertainment,-1.3187190206349235,-0.36823245028212176,0.6558220280350231,-0.034369061694282124,0.00019927396937130176
STU0100,-0.7304256221097896,Female,-0.6923162933464787,0.5679739085513722,-1.0094879899429992,Facebook,Sometimes,-0.4637521349129217,-0.5991654524953465,0.47095791206995224,Gaming,Entertainment,-0.7570414435474451,-1.8598320735931981,0.6472289608528723,-0.15797193536071477,-0.1941818077613855
STU0101,0.03602308944298066,Female,0.017024171147864246,0.36138786033918546,0.013123514304509382,TikTok,Sometimes,-0.8480578064544418,1.4492634449246415,-0.15324077854628668,Educational,Social,-0.7243056338398927,-0.7173978481224509,1.6693743021696974,0.32897674429119367,-0.05406729804699548
STU0102,-0.7304256221097896,Male,1.4357051001365502,-1.7044726217826829,1.1209526439059767,Instagram,Often,-0.11438334260244885,-0.5991654524953465,-1.7657540626382378,Social,Entertainment,0.7518209433677675,1.0296208318568065,-0.6546207172429584,0.698852513413764,1.100209377219168
STU0103,-1.4968743336625598,Female,-0.6923162933464787,-0.9469904450046647,0.5670380791052431,Twitter,Always,-0.5685627726060636,1.4492634449246415,0.26289168186453954,Gaming,News,2.4829422488237305,0.28243071429405464,-0.6705178915299371,0.0808381450816004,1.1268978552600037
STU0104,0.03602308944298066,Other,0.7263646356422071,1.1188700371172036,1.4192143326448339,TikTok,Always,-1.372110994920151,-0.08705822814034944,1.6673387357510772,Gaming,Social,2.373535726906384,0.075870979507967,-0.30144565605656487,0.8411124246147524,0.17545361310419522
STU0105,0.8024718009957509,Male,0.017024171147864246,0.6368359246221015,-0.5833998631732039,YouTube,Sometimes,1.5276499812567736,-0.5991654524953465,-1.6097043899841779,Fitness,Social,-0.10663259277896915,0.4619787914542695,1.6139490188448258,-0.5959458914844141,0.8782502015128802
STU0106,0.8024718009957509,Female,-0.6923162933464787,0.7745599567635588,-1.9468818688365483,Twitter,Sometimes,-0.5685627726060636,-1.6233799012053403,-0.9334891418165856,Gaming,Entertainment,-0.34095207279092354,-0.5986260006204506,0.5793437301138818,1.0626647453376037,-2.2807759825874245
STU0107,1.568920512548521,Female,0.017024171147864246,0.7056979406928301,0.22616757768940698,Twitter,Always,-0.9179315649165365,-0.08705822814034944,0.5229744696213058,Educational,Gaming,0.16860664936742562,-0.9052877607259501,-0.8213262205766818,-0.143979157209798,0.7274603005821559
STU0108,-0.7304256221097896,Female,-0.6923162933464787,1.3254560853293909,0.3966028283973252,Twitter,Often,1.1782811889463007,-0.5991654524953465,0.10684200921047937,News,Gaming,-1.0878454153290273,-0.20298466245325164,0.31124003403078004,-0.8347559719267297,-0.47441082719016486
STU0109,0.8024718009957509,Male,-1.4016567578408217,-0.2583702842973753,1.4618231453218131,Facebook,Always,-1.6865429079995768,-0.08705822814034944,0.47095791206995224,Educational,Fitness,0.887502259918807,1.1972520012409016,-0.07501833580689386,0.7249723659621423,0.39563355694109353
STU0110,-1.4968743336625598,Female,0.017024171147864246,0.15480181212699873,1.291387894613895,Twitter,Sometimes,1.4927131020257263,-0.08705822814034944,-0.6734063540598193,News,Social,1.079609774781549,1.5766068987807358,0.22402040213195043,0.03699410687539418,-0.6923667311903267
STU0111,-0.3472012663334044,Female,0.7263646356422071,-1.0158524610753934,0.5670380791052431,Instagram,Often,1.0385336720221117,-0.5991654524953465,1.251206275340251,Gaming,Entertainment,1.7425099213594857,0.30189499699505146,0.0590335122346569,0.359760856223211,-1.3551306025377576
STU0112,-0.3472012663334044,Female,0.7263646356422071,-1.2913005253583094,0.8226909551671204,Twitter,Often,0.40966984586326044,-0.08705822814034944,0.10684200921047937,Gaming,Gaming,1.794198041950358,1.5341032610459058,-1.4984599145301567,-0.22746940017693554,0.27553540575733076
STU0113,0.03602308944298066,Female,1.4357051001365502,-1.7044726217826829,-0.19992054908038823,Facebook,Often,-0.498689014143969,-0.08705822814034944,0.7830572573780721,Social,Entertainment,-0.9069369932609745,0.8008162025552944,0.43197262793999713,0.019269921217565975,-1.0811288946518398
STU0114,0.8024718009957509,Female,-0.6923162933464787,-0.8781284289339354,-1.2651408660048762,Twitter,Often,1.2481549474083953,0.42504899621464753,0.36692479696724567,News,Entertainment,-0.673478981925535,-0.900918227874706,0.36709497071475977,-0.3109596431440731,-0.4477223491493287
STU0115,0.8024718009957509,Other,0.017024171147864246,1.6009041496123069,0.14094995233544788,YouTube,Rarely,1.2132180681773481,0.42504899621464753,0.26289168186453954,Gaming,Social,-1.824401133748957,0.23118801085673674,-0.1394663396730241,0.6676019755433829,-0.8516079835006489
STU0116,-0.3472012663334044,Female,1.4357051001365502,-1.5667485896412248,1.0783438312289975,YouTube,Often,-1.0576790818407256,-1.6233799012053403,0.7310406998267186,Fitness,Fitness,2.262406267636009,1.1221754822513426,-0.24988725296366057,0.4213290800872451,-0.22798721327977783
STU0117,0.8024718009957509,Female,0.017024171147864246,-0.32723230036810397,0.6948645171361816,Facebook,Sometimes,-1.7564166664616714,1.4492634449246415,0.26289168186453954,Entertainment,Social,-0.4180535193389746,-1.1563372845428876,-0.3293731243985546,0.024867032477932618,0.723457028876031
STU0118,-0.7304256221097896,Female,-0.6923162933464787,-1.2913005253583094,0.9079085805210791,Instagram,Often,-0.7432471687613,-0.5991654524953465,-1.1935719295733518,Social,Educational,0.8013553922673533,0.6204736648766713,-2.1231758986725127,0.7996005161003656,-0.09143116730416623
STU0119,0.41924744521936574,Male,0.7263646356422071,-0.60268036465102,-0.4555734251422654,Instagram,Always,-1.4419847533822459,-1.1112726768503434,1.1991897177888982,Educational,Gaming,1.0485969024270256,-0.1231413803532447,-1.3618301463339606,0.9922344286446556,0.16210937408377726
STU0120,-1.1136499778861746,Female,-1.4016567578408217,0.22366382819772743,-0.28513817443434736,TikTok,Often,1.3879024643325846,-1.6233799012053403,0.8870903724807783,Social,Gaming,2.4829422488237305,-0.5044824291890989,-0.2829705616149409,-1.1314028687261681,1.1117743843701966
STU0121,1.568920512548521,Female,0.7263646356422071,-0.7404043967924774,0.5244292664282637,Facebook,Always,-0.2191939802955907,-0.08705822814034944,-2.025836850395004,Entertainment,Gaming,1.1765250008894343,1.4999414587543605,-0.0930637768894104,-0.8613422504134718,-0.2951532163492154
STU0122,0.03602308944298066,Female,1.4357051001365502,1.1188700371172036,-0.5833998631732039,Twitter,Sometimes,1.5276499812567736,-0.08705822814034944,-0.6213897965084659,News,News,-0.8496493262727579,0.5001128963378547,-0.29199328215619885,1.2399066019158844,-0.636765735271918
STU0123,0.41924744521936574,Female,-1.4016567578408217,1.6009041496123069,-0.5407910504962243,Facebook,Often,0.3397960874011659,0.42504899621464753,1.1471731602375446,Educational,Entertainment,-1.824401133748957,-1.1452148372851751,0.5123178060931064,0.5164799715134805,0.8386622924189733
STU0124,-0.3472012663334044,Male,1.4357051001365502,-2.324230766419243,0.3113852030433661,TikTok,Always,0.584354242018497,0.9371562205696445,-1.8697871777409443,Educational,Social,2.223209442854597,0.7833380711503178,-1.798357959187216,0.12841359079471804,-0.2235391336063051
STU0125,0.8024718009957509,Female,-0.6923162933464787,-0.6715423807217487,0.8226909551671204,Facebook,Sometimes,0.40966984586326044,-1.1112726768503434,1.0431400451348385,News,Gaming,0.5864189574769761,0.6172958228030393,0.3658060106374371,-0.018044153851545657,0.4414487775778623
STU0126,1.568920512548521,Female,-1.4016567578408217,0.08593979605626943,-0.19992054908038823,Facebook,Rarely,-1.476921632613293,0.9371562205696445,-0.10122422099493338,Social,Educational,1.0029390625717551,-0.47747077156322587,1.8953719690602608,-0.7769191555696063,0.8786950094802277
STU0127,0.8024718009957509,Female,1.4357051001365502,1.1877320531879323,-1.2225320533278967,TikTok,Often,-0.42881525568187445,0.42504899621464753,1.4592725055456643,Gaming,Gaming,-0.10103304638162484,-1.5678678330782472,1.8953719690602608,-0.21301019608765462,-1.2292499477784804
STU0128,-1.4968743336625598,Female,-0.6923162933464787,-0.464956332509562,-0.7538351138811219,Instagram,Rarely,-0.987805323378631,1.4492634449246415,0.0548254516591263,Social,Fitness,-1.0042829537071174,-2.2205171489504436,1.4154491669371445,-1.553051917007131,-0.3565367158431386
STU0129,-1.4968743336625598,Female,0.7263646356422071,0.01707777998554073,0.22616757768940698,Twitter,Often,1.6324606189499156,1.4492634449246415,-0.6734063540598193,Entertainment,Entertainment,-1.5594995157207368,1.7263627065006493,1.14261928390386,0.90781133380079,0.31067523517776496
STU0130,1.568920512548521,Female,-0.6923162933464787,-1.1535764932168513,0.22616757768940698,TikTok,Always,-0.28906773875768527,0.9371562205696445,0.36692479696724567,Fitness,Entertainment,0.8009246579290961,0.5430137643318883,-2.2885924419289134,0.5057521749311106,-1.7238764074686435
STU0131,1.568920512548521,Male,0.017024171147864246,-1.5667485896412248,0.26877639036638634,YouTube,Often,0.2699223289390713,-0.08705822814034944,0.0028088941077729977,Gaming,Social,0.010527147227007904,0.663771763129909,-0.235708692113112,0.2772034651328011,-0.2635718506675592
STU0132,-0.3472012663334044,Male,-0.6923162933464787,1.532042133541577,0.5670380791052431,Instagram,Sometimes,0.3397960874011659,-0.5991654524953465,-0.7774394691625258,Social,News,-0.14496794888386608,-0.03892856540199335,-0.29628981574727425,-1.0395169588684805,-0.4588425483330104
STU0133,1.568920512548521,Female,-0.6923162933464787,-1.8421966539241408,0.013123514304509382,YouTube,Often,1.2132180681773481,-0.08705822814034944,2.3435539839186696,Fitness,Social,1.4267816514169076,0.8627841229911208,0.4375581216083949,0.513681415883297,1.0299297183782994
STU0134,-0.7304256221097896,Male,0.017024171147864246,2.427248342461054,0.3113852030433661,Instagram,Often,-1.232363477995962,0.9371562205696445,-0.9334891418165856,Fitness,Gaming,-1.824401133748957,-1.3342964406662865,-1.6032953341523954,-0.819830341899085,0.28176271730019253
STU0135,0.8024718009957509,Male,1.4357051001365502,0.7745599567635588,-0.029485298372469985,Twitter,Rarely,0.44460672509430776,-0.08705822814034944,-2.025836850395004,News,Fitness,-0.08466514152784853,-1.0538518776682517,0.45388494925448164,-1.028322736347747,1.1091055365661129
STU0136,0.41924744521936574,Female,1.4357051001365502,0.7056979406928301,1.2487790819369156,Twitter,Often,1.4927131020257263,0.42504899621464753,1.7193552933024305,Entertainment,Educational,0.7509594746912528,-0.9489830892383918,-0.22797493164917637,0.4717030814305459,-0.0949896310429443
STU0137,1.185696156772136,Male,-0.6923162933464787,0.6368359246221015,1.547040770675772,Facebook,Often,1.4927131020257263,-1.1112726768503434,-0.5693732389571129,Entertainment,Social,1.3225439415586486,-0.3976274894632189,0.6025450115056884,2.028166437750871,-0.16838294565524364
STU0138,1.568920512548521,Female,0.017024171147864246,-0.2583702842973753,0.013123514304509382,YouTube,Often,0.16511169124592945,-0.08705822814034944,-0.2572738936489933,Entertainment,News,-1.663737225578996,-1.3390632037767343,1.850688019713077,-0.26804845681459444,-0.35520229194109676
STU0139,0.03602308944298066,Female,0.017024171147864246,0.43024987640991413,-0.24252936175736758,Instagram,Sometimes,0.09523793278383487,0.42504899621464753,-0.3092904512003466,Gaming,Social,-0.05882108123241234,0.25422736589056955,-0.5205688692014074,-2.6360929458881,-0.549138565704506
STU0140,-1.4968743336625598,Female,0.7263646356422071,-0.18950826822664596,0.05573232698148875,Twitter,Often,0.025364174321740297,-1.1112726768503434,-0.5173566814057596,Educational,Entertainment,1.318667332514333,0.6923723417925981,-1.0451756206717076,-0.6696411897459101,2.125491741954623
STU0141,-0.7304256221097896,Male,1.4357051001365502,0.5679739085513722,-0.28513817443434736,TikTok,Rarely,0.13017481201488215,1.4492634449246415,-0.7254229116111726,Gaming,Gaming,-0.4434668452961533,-1.034387594967255,0.8371357455784028,0.299591910174268,0.733242804157671
STU0142,1.185696156772136,Female,-1.4016567578408217,-0.051784236085187965,1.9305200847685877,Twitter,Sometimes,1.5975237397188682,-0.5991654524953465,-0.9855056993679389,Social,Gaming,0.7681888482215434,-0.9664612206433684,1.0034115955530183,-0.83242384223491,-0.6554476699005034
STU0143,0.41924744521936574,Male,1.4357051001365502,-0.9469904450046647,0.26877639036638634,TikTok,Always,-1.5118585118443404,0.9371562205696445,0.10684200921047937,Fitness,Gaming,1.5004372232589003,0.319373128400028,-0.23484938539489678,1.192331156202767,2.1673036908852663
STU0144,1.185696156772136,Female,1.4357051001365502,-0.8781284289339354,-0.8390527392350811,Instagram,Often,-1.0576790818407256,1.4492634449246415,0.0028088941077729977,Fitness,Gaming,-1.1089513979036336,-0.504879659448303,-0.7830870716161115,-0.1411806015796145,-0.4530600447574958
STU0145,1.568920512548521,Male,0.7263646356422071,-1.0158524610753934,0.6522557044592022,Twitter,Rarely,-1.372110994920151,-0.5991654524953465,0.8350738149294251,Educational,Gaming,-0.6657257638369042,0.1831231494930509,-1.0619321016769014,0.9232033897667986,-0.187064880283829
STU0146,-0.3472012663334044,Female,-1.4016567578408217,1.0500080210464748,0.3113852030433661,Twitter,Sometimes,1.2830918266394427,-0.08705822814034944,0.5749910271726589,Social,Gaming,-0.8212208599477782,0.6665523749443375,0.7507754203977881,-0.7792512852614257,1.3074898900029952
STU0147,-1.4968743336625598,Female,0.7263646356422071,-0.60268036465102,0.35399401572034545,Instagram,Sometimes,-0.14932022183349614,-0.08705822814034944,0.0028088941077729977,Educational,Educational,1.1218217399307615,0.508851962040343,-0.28382986833315577,-0.8454837685090991,-2.0063294667341594
STU0148,-1.4968743336625598,Other,-1.4016567578408217,-1.9799206860655985,1.9305200847685877,Twitter,Sometimes,-1.1974265987649149,1.4492634449246415,0.1588585667618329,Fitness,News,1.8489013029090309,0.7710239331149933,-1.352377772433595,0.9054792041089708,-0.8662866464231089
STU0149,-0.3472012663334044,Female,-0.6923162933464787,0.43024987640991413,0.3966028283973252,TikTok,Sometimes,0.8289123966358279,0.42504899621464753,0.0028088941077729977,Gaming,Gaming,0.2952425448150625,-0.823458327329923,-0.42776374363418,-0.18595749166254866,1.5561375437501188
STU0150,0.8024718009957509,Male,-1.4016567578408217,1.6009041496123069,-0.3277469871113267,Twitter,Rarely,-0.42881525568187445,-1.1112726768503434,-0.9855056993679389,Entertainment,News,0.2870585923881745,-1.0554407987050678,-0.574705192448957,-0.4858693700305345,-0.2769160896879775
STU0151,-1.1136499778861746,Female,0.7263646356422071,0.8434219728342881,-2.074708306867487,YouTube,Often,-1.232363477995962,1.4492634449246415,0.7830572573780721,Fitness,Fitness,-0.6480656559683561,-2.1851636558812864,1.8953719690602608,0.9003485187869672,0.9205069584108709
STU0152,-0.7304256221097896,Male,1.4357051001365502,-0.60268036465102,-0.15731173640340884,Facebook,Often,-1.3022372364580566,-0.08705822814034944,-0.0492076634435803,News,Gaming,-0.22594600447623273,-0.05442054551094995,-0.8230448340131122,0.5398012684316753,-0.5006544972636536
STU0153,-1.4968743336625598,Male,-1.4016567578408217,-1.6356106057119542,1.4192143326448339,TikTok,Often,-1.3022372364580566,-0.5991654524953465,-0.3613070087516997,Entertainment,Social,1.0287831228671909,1.7517854430897062,-1.315427583550347,-1.6043587702271598,-0.1497010110266586
STU0154,0.03602308944298066,Male,-1.4016567578408217,-0.12064625215591727,-0.07209411104944974,YouTube,Often,0.9337230343289697,1.4492634449246415,-0.8294560267138792,Fitness,Gaming,0.671273622113658,-0.9430246353503317,-0.08318174962993692,0.767883552291621,1.690469549888994
STU0155,-1.4968743336625598,Female,0.017024171147864246,-0.12064625215591727,-2.1173171195444667,Instagram,Rarely,0.37473296663221317,-1.1112726768503434,-1.0375222569192921,Gaming,Entertainment,-1.660722085211195,-0.8063774261841503,-1.0533390344947506,-0.28623906841078645,0.37161392670434107
STU0156,1.185696156772136,Female,1.4357051001365502,-1.0158524610753934,-0.4981822378192449,TikTok,Always,-0.4637521349129217,0.42504899621464753,2.135487753713256,Educational,Educational,0.7289920234401321,0.8524561362518162,-1.000491671324524,1.3038069554717384,-0.4833069865371104
STU0157,-1.4968743336625598,Male,-0.6923162933464787,0.5679739085513722,1.0783438312289975,Facebook,Always,-1.372110994920151,-1.6233799012053403,0.4189413545185992,Entertainment,Social,0.4012031920263507,0.028600578662689034,0.4654855899503849,-0.3585350888571907,-0.3694361468962094
STU0158,-1.4968743336625598,Female,0.7263646356422071,1.9452142299659516,0.6096468917822229,Facebook,Always,1.0035967927910643,-0.5991654524953465,0.0028088941077729977,Gaming,Social,1.087793727208437,0.21966833333982033,-1.137980746238935,0.7851413120110847,-0.2800297454594084
STU0159,-1.1136499778861746,Male,-0.6923162933464787,0.22366382819772743,-0.8816615519120606,Instagram,Always,-0.7083102895302528,0.9371562205696445,0.36692479696724567,Social,Entertainment,-0.3280300426432053,-0.8155137221458428,-0.5622452450348385,0.07664031163632516,1.9586887541993971
STU0160,-1.1136499778861746,Male,1.4357051001365502,0.15480181212699873,-0.5833998631732039,Instagram,Always,-1.5118585118443404,-1.1112726768503434,1.1471731602375446,News,Gaming,0.3529609461415364,-0.3940524171303829,-1.4481904715145753,-0.9229104742775063,1.0481668450395374
STU0161,0.41924744521936574,Male,-1.4016567578408217,-0.9469904450046647,-0.4129646124652858,TikTok,Often,-0.42881525568187445,0.9371562205696445,0.21087512431318597,Entertainment,Educational,1.3018686933222994,0.49256552141297855,0.0869609805766466,0.8075297570525519,-1.180765879337628
STU0162,0.8024718009957509,Male,-1.4016567578408217,0.01707777998554073,-0.7112263012041425,Twitter,Sometimes,-1.12755284030282,-1.1112726768503434,1.4592725055456643,Educational,Social,-1.4720604450545112,-1.5198029717145614,1.8953719690602608,-0.7895126559054314,-0.41614098346767253
STU0163,0.03602308944298066,Female,1.4357051001365502,-0.051784236085187965,-2.1173171195444667,Instagram,Often,1.31802870587049,-1.1112726768503434,-1.5576878324328247,Social,Educational,-0.45380446941432784,0.8059801959249464,0.3563536367370714,0.4591095810947209,0.32268505029614136
STU0164,-1.4968743336625598,Female,-1.4016567578408217,-0.60268036465102,0.8226909551671204,Twitter,Often,1.3529655851015372,0.42504899621464753,-2.025836850395004,Gaming,Social,0.17851353914734266,1.2810675859329486,-0.15966004755107818,-0.5203848894694629,0.25240539145527296
STU0165,-1.4968743336625598,Female,-1.4016567578408217,0.08593979605626943,1.3339967072908743,YouTube,Often,1.1433443097152536,0.42504899621464753,0.3149082394158926,News,Gaming,0.7836952843988051,1.7517854430897062,-0.9575263354137704,-1.0889581083350535,-0.6474411264882526
STU0166,-0.7304256221097896,Male,-1.4016567578408217,0.49911189248064347,-1.6060113674207124,Facebook,Often,1.0385336720221117,0.42504899621464753,0.36692479696724567,Educational,Fitness,0.6691199504223718,0.053228854733338146,0.7284334457241964,-0.8049047118714402,0.5726671279453068
STU0167,-1.1136499778861746,Male,0.7263646356422071,0.15480181212699873,1.3339967072908743,Twitter,Rarely,0.8638492758668752,1.4492634449246415,-2.025836850395004,Gaming,Social,-0.4762026550037058,0.9481886287199837,1.1881625399692588,0.36769009717539736,-0.05807056975312105
STU0168,0.03602308944298066,Male,0.7263646356422071,1.2565940692586621,-0.11470292372642911,Facebook,Often,0.968659913560017,-0.08705822814034944,-0.5693732389571129,Gaming,Fitness,-1.529348112042728,0.6832360458309056,0.5522755684901067,-0.6141365030806062,0.30889600330837597
STU0169,0.41924744521936574,Female,0.017024171147864246,0.43024987640991413,1.3339967072908743,Twitter,Always,0.724101758942686,-1.1112726768503434,-0.9855056993679389,Entertainment,Social,0.3383159786407894,0.7070698613831469,1.3153399342650889,-2.4551196818029077,-0.4686283236146503
STU0170,0.8024718009957509,Male,-0.6923162933464787,-0.2583702842973753,0.05573232698148875,YouTube,Often,0.37473296663221317,-0.5991654524953465,-1.401638159778765,Entertainment,News,-0.026516005863117184,-0.3876967329831186,1.0708671729329016,0.38354857907976936,-0.7751010131169187
STU0171,-0.3472012663334044,Female,1.4357051001365502,0.43024987640991413,0.14094995233544788,Instagram,Often,0.8289123966358279,0.9371562205696445,-0.9855056993679389,Educational,Gaming,-0.3392291354378945,0.02780611814428116,0.2669857380427039,0.4068698759979642,2.099248071881134
STU0172,0.8024718009957509,Other,1.4357051001365502,0.49911189248064347,0.3966028283973252,YouTube,Sometimes,-0.28906773875768527,0.42504899621464753,0.6790241422753654,Fitness,Entertainment,-0.08466514152784853,-0.8445115310677358,0.0809458335491414,0.5272077680958496,1.704703404844106
STU0173,1.185696156772136,Female,1.4357051001365502,-1.2913005253583094,-0.8390527392350811,Instagram,Often,-0.498689014143969,1.4492634449246415,-0.9855056993679389,Fitness,Fitness,1.171356188830347,-1.5964684117409362,1.8644369272045185,-0.6943617644791964,-0.12479176485521142
STU0174,-1.4968743336625598,Female,0.017024171147864246,1.1877320531879323,1.291387894613895,Instagram,Always,1.0734705512531588,0.42504899621464753,-0.9855056993679389,Gaming,Entertainment,1.7937673076121003,-0.3976274894632189,-0.045801907387581504,0.22916159348131965,1.7994475018890748
STU0175,0.41924744521936574,Male,0.7263646356422071,-0.32723230036810397,-1.179923240650917,Facebook,Often,0.2699223289390713,0.9371562205696445,-1.6097043899841779,Entertainment,Gaming,0.4309238613661021,-0.31222298373435575,1.8910754354691859,1.0621983193992401,1.130011511031435
STU0176,1.185696156772136,Female,0.017024171147864246,-0.2583702842973753,-0.4129646124652858,YouTube,Always,0.6542280004805915,0.9371562205696445,1.3552393904429578,News,Entertainment,2.1939195078531033,0.8556339783254483,1.8953719690602608,-1.5008122119103746,-0.31250072707575893
STU0177,0.03602308944298066,Female,1.4357051001365502,0.7745599567635588,0.5670380791052431,Twitter,Often,1.6324606189499156,-1.1112726768503434,0.5229744696213058,News,Gaming,0.896978415360467,-0.49455167270899847,-0.3169131769844361,-0.09593728555831654,-0.7662048537699735
STU0178,-0.3472012663334044,Female,-0.6923162933464787,0.7745599567635588,-0.5407910504962243,YouTube,Often,-0.14932022183349614,0.42504899621464753,-2.025836850395004,Gaming,Entertainment,0.3064416376097514,0.22801016878310468,0.8659225206386078,-0.06002248830429666,0.5975763741167534
STU0179,-1.1136499778861746,Male,-1.4016567578408217,-0.7404043967924774,0.8226909551671204,Facebook,Sometimes,-1.1974265987649149,0.9371562205696445,-0.9855056993679389,Entertainment,Fitness,0.9409133178627085,-0.4317892917547642,0.77655462194424,0.5836453066378815,0.19769401147155866
STU0180,0.41924744521936574,Male,0.7263646356422071,0.8434219728342881,1.4618231453218131,Instagram,Often,-1.2673003572270094,-0.08705822814034944,0.627007584724012,Educational,News,0.8211691718271877,-0.5517528300343768,0.5630169024677951,0.6256236410906325,-0.8947543563333341
STU0181,0.41924744521936574,Male,0.7263646356422071,0.01707777998554073,1.0783438312289975,Facebook,Often,0.09523793278383487,-0.08705822814034944,1.4072559479943108,Educational,Entertainment,0.8844871195510061,1.7517854430897062,0.3284261683950814,-0.620200040279337,0.20436613098176765
STU0182,-1.4968743336625598,Female,0.017024171147864246,1.8763522138952218,-2.0320994941905077,TikTok,Often,-0.4637521349129217,0.42504899621464753,0.9391069300321317,Educational,Fitness,-1.824401133748957,-1.7196097920941809,-0.0011179580403979173,0.5024871933625636,-1.912919793591233
STU0183,1.568920512548521,Female,0.7263646356422071,-0.8092664128632067,0.14094995233544788,TikTok,Often,0.5494173627874496,1.4492634449246415,-0.3092904512003466,News,Social,-1.2101739673940919,0.34042633213784085,-0.6554800239611733,0.019736347155929777,0.05580026988777994
STU0184,0.41924744521936574,Female,1.4357051001365502,0.29252584426845674,0.013123514304509382,Twitter,Always,0.234985449708024,0.9371562205696445,-1.9738202928436508,Entertainment,Gaming,0.3632985702597109,0.6343767239488122,-0.7083273871314003,-1.0922230899036007,-0.9134362909619195
STU0185,-0.7304256221097896,Male,1.4357051001365502,-0.8092664128632067,-1.3929673040358148,Facebook,Rarely,1.2830918266394427,-1.1112726768503434,0.9391069300321317,Entertainment,Educational,0.3775128034222007,-1.0951638246254694,1.221675501979646,-0.55116900140148,-1.2368116832233842
STU0186,-0.3472012663334044,Female,0.017024171147864246,2.2895243103195964,0.7800821424901406,Twitter,Always,1.5276499812567736,-1.1112726768503434,-0.2572738936489933,News,Educational,0.29265813878551883,-0.6045844545085107,-1.235941712115453,0.9954994102132025,-0.3925661611982672
STU0187,-0.3472012663334044,Male,1.4357051001365502,-1.2913005253583094,0.7374733298131613,Twitter,Sometimes,0.3397960874011659,1.4492634449246415,0.10684200921047937,Educational,Gaming,-0.6618491547925888,0.924354813167743,1.285693852486669,1.9460754725988245,-0.14614254728788018
STU0188,-0.7304256221097896,Male,-0.6923162933464787,0.5679739085513722,-1.2651408660048762,TikTok,Often,-1.372110994920151,-1.1112726768503434,0.0028088941077729977,Educational,News,-0.6321284854528372,-0.017080901145772633,1.1159807756391926,-0.024574116988640243,-1.16252875267639
STU0189,-0.7304256221097896,Male,0.017024171147864246,-0.7404043967924774,0.9079085805210791,Twitter,Rarely,1.0035967927910643,-1.6233799012053403,-1.3496216022274115,Gaming,Entertainment,0.740191116234821,-0.4572120283438212,0.3782659580515553,-1.5306634719656642,-1.2488214983417603
STU0190,-0.7304256221097896,Female,-0.6923162933464787,-0.32723230036810397,0.3113852030433661,TikTok,Sometimes,-1.6166691495374823,0.42504899621464753,0.4189413545185992,Fitness,News,-0.01316324137714206,1.4681630380180395,-0.8780404639788764,-1.6906475688244804,0.4103122198635533
STU0191,-0.3472012663334044,Male,-1.4016567578408217,0.49911189248064347,0.6948645171361816,Instagram,Often,1.0734705512531588,-1.1112726768503434,0.3149082394158926,Social,Educational,0.7479443343234519,0.18073976793782698,-0.1630972744239384,1.491310182694025,1.8488211862646218
STU0192,0.8024718009957509,Female,-0.6923162933464787,1.2565940692586621,-1.0094879899429992,Facebook,Rarely,0.8638492758668752,-0.08705822814034944,-0.41332356630305295,Fitness,Fitness,-0.2509285960951542,-1.7315266998703012,0.9707579402608462,-1.4634981368412627,0.5682190482718338
STU0193,-0.3472012663334044,Female,-1.4016567578408217,1.6697661656830356,0.18355876501242763,Twitter,Often,0.2699223289390713,0.9371562205696445,0.5229744696213058,Entertainment,Gaming,-1.1955289998933445,-1.5670733725598391,0.8861162285166618,-1.5581826023291339,1.7064826367134955
STU0194,1.568920512548521,Male,-1.4016567578408217,-1.5667485896412248,-1.81905543080561,TikTok,Always,1.31802870587049,-0.5991654524953465,-1.3496216022274115,Entertainment,Gaming,1.1011464916944125,0.19225944545474338,0.14238626390151887,0.680661901817572,1.6780149268032702
STU0195,-1.4968743336625598,Female,-0.6923162933464787,0.01707777998554073,-2.1173171195444667,YouTube,Sometimes,-1.337174115689104,1.4492634449246415,-0.20525733609764,Entertainment,News,-0.418914988015489,-2.2205171489504436,0.8435805459650154,-1.4919501190814604,-0.5335702868473516
STU0196,1.185696156772136,Male,0.017024171147864246,1.532042133541577,0.18355876501242763,Twitter,Always,1.4927131020257263,-0.5991654524953465,0.10684200921047937,Fitness,Fitness,0.37277472570137077,-0.7634765581901167,0.15828343818849755,1.283284214183727,0.9178381106067872
STU0197,0.8024718009957509,Male,1.4357051001365502,-1.7044726217826829,1.2061702692599359,Instagram,Often,0.06030105355278759,-0.08705822814034944,-1.7657540626382378,Social,News,1.7937673076121003,1.0709327788140244,0.04098807115214067,-0.5707588908127638,0.29822061209204137
STU0198,-1.1136499778861746,Female,1.4357051001365502,0.36138786033918546,0.26877639036638634,Instagram,Often,-1.6865429079995768,-0.5991654524953465,0.0028088941077729977,Gaming,Entertainment,0.9142077888907576,0.6685385262403575,-1.1319655992114297,1.5720018700309792,0.9827800738394888
STU0199,1.185696156772136,Male,-1.4016567578408217,0.01707777998554073,0.013123514304509382,YouTube,Sometimes,-0.4637521349129217,-0.5991654524953465,0.8350738149294251,Fitness,Social,-0.909090664952261,0.7162061573448394,1.4502510890248548,0.5631225653498702,-0.14658735525522767
STU0200,-1.4968743336625598,Female,-1.4016567578408217,0.43024987640991413,-0.19992054908038823,TikTok,Sometimes,0.6891648797116388,-1.6233799012053403,-0.2572738936489933,Social,Fitness,1.0223221077933322,-0.6729080590916013,0.8427212392468005,-1.1155443868217956,-0.38367000185132205
STU0201,1.568920512548521,Female,0.017024171147864246,-0.8092664128632067,-1.0094879899429992,Twitter,Sometimes,-0.9528684441475838,-0.08705822814034944,0.0028088941077729977,Educational,Social,-0.8940149631132565,-0.4317892917547642,-0.7396920823462503,-2.3436438825339363,0.8422207561577514
STU0202,1.568920512548521,Female,0.7263646356422071,0.01707777998554073,-0.24252936175736758,TikTok,Rarely,0.8638492758668752,1.4492634449246415,0.627007584724012,Educational,Entertainment,-0.6721867789107632,-0.6470880922433404,0.45345529589537387,1.9773260104692056,-0.19062334402260708
STU0203,-1.1136499778861746,Female,-0.6923162933464787,-1.9799206860655985,0.48182045375128396,Instagram,Sometimes,-0.7083102895302528,-0.08705822814034944,-0.3613070087516997,Entertainment,Social,0.9249761473471894,-0.6816471247940896,0.2811642988932525,-0.3655314779326491,-0.706155778178092
STU0204,0.8024718009957509,Female,-1.4016567578408217,1.0500080210464748,-0.4555734251422654,TikTok,Often,0.234985449708024,-1.6233799012053403,-0.2572738936489933,News,Educational,-1.824401133748957,-1.5698539843742672,-1.0211150325616858,-0.9606909752849817,-0.5446904860310333
STU0205,-0.7304256221097896,Female,1.4357051001365502,0.01707777998554073,0.8226909551671204,Instagram,Always,0.37473296663221317,-1.6233799012053403,-1.1935719295733518,Entertainment,Social,0.8724265580798026,0.8580173598806724,-0.42389686340221205,1.9442097688453692,-0.3565367158431386
STU0206,0.8024718009957509,Female,0.017024171147864246,0.36138786033918546,0.22616757768940698,TikTok,Always,-0.498689014143969,-0.5991654524953465,0.0028088941077729977,News,Entertainment,1.3259898162647066,0.521960560594076,-0.34870752555839346,1.2963441404579163,-0.681246532006645
STU0207,1.568920512548521,Male,-0.6923162933464787,-0.5338183485802906,0.35399401572034545,YouTube,Often,1.3879024643325846,0.42504899621464753,-0.3092904512003466,Social,Social,-1.295459366369031,0.8854262477657494,-0.6739551184027973,1.3014748257799191,-0.07942135218578983
STU0208,-0.3472012663334044,Male,0.017024171147864246,-1.6356106057119542,0.950517393198059,Facebook,Sometimes,0.025364174321740297,0.9371562205696445,0.5749910271726589,Educational,Gaming,1.517235862450934,-0.040120256179605435,-0.3246469374483717,-0.09733656337340829,-0.13635677200624033
STU0209,-1.4968743336625598,Female,-0.6923162933464787,0.5679739085513722,-0.5407910504962243,YouTube,Sometimes,1.457776222794679,0.9371562205696445,0.627007584724012,Fitness,News,-1.3152731459288654,-0.8369641561428596,0.021653669992301477,1.4442011629192717,0.005981777544885597
STU0210,-1.1136499778861746,Female,-0.6923162933464787,-1.1535764932168513,0.6948645171361816,YouTube,Sometimes,0.5144804835564023,-0.5991654524953465,0.8870903724807783,News,Educational,0.8909481346248651,0.18908160338111105,0.7623760610936914,-1.4247847839570593,-0.4855310263738466
STU0211,-1.4968743336625598,Male,-1.4016567578408217,-0.7404043967924774,-0.4129646124652858,Facebook,Sometimes,-0.8480578064544418,0.9371562205696445,-0.46534012385440626,Social,Gaming,-0.7290437115607226,-0.13029152501891697,-0.3684715800773401,-1.0105985506899187,1.8514900340687055
STU0212,0.03602308944298066,Female,0.017024171147864246,-0.60268036465102,0.35399401572034545,Facebook,Often,-1.721479787230624,-1.6233799012053403,-2.025836850395004,Educational,Gaming,1.1545575496383136,0.0023833815552241804,0.23776930962339154,0.4880279892732827,-2.2807759825874245
STU0213,0.03602308944298066,Male,0.017024171147864246,-0.18950826822664596,-0.668617488527163,Twitter,Often,1.5975237397188682,-0.08705822814034944,0.8350738149294251,Fitness,Entertainment,0.6135552207871842,-0.8024051235921101,-1.3407771317376915,0.9507225201302687,0.24261961617363276
STU0214,0.8024718009957509,Female,1.4357051001365502,-0.7404043967924774,-0.9668791772660195,Twitter,Often,0.968659913560017,0.9371562205696445,0.5229744696213058,News,News,0.0811675787012,0.2685276552219141,0.23862861634160645,0.33270815179810476,-0.1964058475981217
STU0215,1.568920512548521,Male,1.4357051001365502,0.08593979605626943,0.0983411396584685,YouTube,Often,-1.0576790818407256,1.4492634449246415,-0.6213897965084659,Entertainment,News,-0.43657509588403715,0.05958453888060225,0.3945927856976414,-0.08101165553067183,-1.0059563481701514
STU0216,1.568920512548521,Male,-1.4016567578408217,-0.60268036465102,-1.9894906815135283,YouTube,Always,1.5276499812567736,-0.5991654524953465,0.627007584724012,Entertainment,Fitness,-0.5244449008885199,-1.0439211211881514,-0.028186119664172723,-0.8893278067153053,0.6558462178392457
STU0217,-0.7304256221097896,Male,-1.4016567578408217,0.01707777998554073,-0.28513817443434736,Instagram,Always,-0.498689014143969,0.42504899621464753,-1.4536547173301182,Entertainment,Educational,-0.17425788388536034,-0.26098028029703785,-0.17641652855627207,1.3621101977672256,0.08426797979800518
STU0218,-0.7304256221097896,Female,0.7263646356422071,1.0500080210464748,-1.6912289927746715,Instagram,Sometimes,0.6891648797116388,-0.5991654524953465,1.1471731602375446,Social,Entertainment,-0.3762722885280196,-0.2141071097109641,0.10414711494094825,-0.07914595177721628,1.6086248838970962
STU0219,-0.7304256221097896,Female,1.4357051001365502,0.15480181212699873,0.8226909551671204,Twitter,Always,0.6891648797116388,-1.1112726768503434,-0.3092904512003466,Entertainment,Educational,1.5099133787005603,1.5603204581533712,0.09942092799076538,-0.3757928485766548,1.1486934456600197
STU0220,-0.3472012663334044,Male,-0.6923162933464787,0.49911189248064347,1.1209526439059767,Twitter,Always,0.3397960874011659,-0.5991654524953465,-0.8294560267138792,Gaming,Fitness,1.27344022699732,0.7678460910413611,0.43412089473553467,-0.30816108751388993,2.1641900351138355
STU0221,1.185696156772136,Female,0.017024171147864246,2.2206622942488665,-0.9242703645890401,Instagram,Sometimes,0.16511169124592945,-1.6233799012053403,-0.5693732389571129,Educational,Social,-1.824401133748957,-0.9275326552413751,0.5028654321927406,-1.1715154994254633,-0.9743749824884953
STU0222,0.41924744521936574,Male,-1.4016567578408217,-1.22243850928758,0.013123514304509382,Instagram,Often,-1.6166691495374823,-0.08705822814034944,-0.20525733609764,Social,Gaming,0.4989798868107505,0.317784207363212,-1.4185443897361552,-0.561430372045486,1.7545218971870005
STU0223,1.185696156772136,Female,0.017024171147864246,-1.2913005253583094,0.950517393198059,TikTok,Often,0.8987861550979225,-0.08705822814034944,0.0548254516591263,Fitness,Educational,0.18411308554468725,1.7517854430897062,1.1550792313179783,1.3406546046024865,-1.1976685820968243
STU0224,-1.4968743336625598,Male,0.017024171147864246,0.7056979406928301,0.9931262058750383,TikTok,Always,-0.7083102895302528,1.4492634449246415,0.10684200921047937,Entertainment,Gaming,0.7384681788817921,-0.7583125648204645,-0.8226151806540044,1.0248842443301278,0.1910218919613497
STU0225,1.185696156772136,Male,0.7263646356422071,2.01407624603668,0.22616757768940698,Instagram,Always,1.6324606189499156,0.9371562205696445,-0.41332356630305295,Educational,Entertainment,-1.083538071946455,0.25184398433534566,-0.9192871864531997,0.8980163890951479,-0.6011810978841367
STU0226,-0.3472012663334044,Female,1.4357051001365502,-0.2583702842973753,0.7800821424901406,TikTok,Sometimes,-1.476921632613293,-1.6233799012053403,0.26289168186453954,News,Social,1.1149299905186447,0.048859321882094,-2.4011616220150875,0.14473849863745417,0.5326344108840524
STU0227,-1.4968743336625598,Other,-1.4016567578408217,1.807490197824493,0.013123514304509382,Facebook,Often,-1.721479787230624,-1.1112726768503434,0.0548254516591263,Entertainment,Entertainment,-0.8785085269359948,-0.08103497287761903,0.6016857047874735,-0.0031185238239009394,0.5090595886146471
STU0228,1.185696156772136,Female,0.017024171147864246,0.08593979605626943,0.0983411396584685,Twitter,Often,0.234985449708024,-1.6233799012053403,-0.6213897965084659,Educational,Social,-1.2765070554857112,0.5211661000756675,-0.4668621993129655,-1.6192844002548041,-1.3827086965132882
STU0229,-0.3472012663334044,Female,-1.4016567578408217,-0.6715423807217487,-0.4981822378192449,Twitter,Often,0.8289123966358279,-0.5991654524953465,-0.7774394691625258,Gaming,Social,0.8814719791832053,0.10884109102190019,0.9191995371679418,0.622825085460449,0.5873457908677666
STU0230,0.41924744521936574,Female,-0.6923162933464787,-1.0158524610753934,-0.7538351138811219,Instagram,Sometimes,-0.11438334260244885,-1.6233799012053403,0.6790241422753654,News,Gaming,0.32022513643398404,-0.13386659735175294,0.29878008661666156,-1.1342014243563514,-0.4290404145207433
STU0231,1.185696156772136,Male,0.7263646356422071,0.6368359246221015,0.05573232698148875,YouTube,Always,0.234985449708024,-1.6233799012053403,0.5749910271726589,Gaming,Entertainment,1.6826378483417253,0.22920185956071676,-0.0947823903258405,0.23569155661841423,-0.5002096892963064
STU0232,-0.3472012663334044,Other,-0.6923162933464787,-0.9469904450046647,0.3966028283973252,Instagram,Often,-0.7432471687613,-0.08705822814034944,0.10684200921047937,Fitness,Entertainment,-1.4242489335079545,0.8556339783254483,-0.2215301312625634,-0.3837220895288411,-0.0683011530021081
STU0233,-0.7304256221097896,Female,-1.4016567578408217,0.08593979605626943,1.2487790819369156,TikTok,Always,1.4228393435636317,-1.1112726768503434,0.9911234875834849,Educational,Educational,0.8577815905790556,0.43576159434680467,0.28932771271629554,0.8112611645594631,-1.5908788252318102
STU0234,1.568920512548521,Female,-1.4016567578408217,1.6697661656830356,0.3113852030433661,YouTube,Always,0.584354242018497,-0.5991654524953465,-1.9738202928436508,Gaming,Entertainment,-0.08121926682179045,-0.36545183846769363,1.7913958561562375,0.9418604273013541,1.2105217531212902
STU0235,-0.7304256221097896,Female,1.4357051001365502,-0.32723230036810397,0.6948645171361816,TikTok,Often,0.3397960874011659,0.42504899621464753,-0.5173566814057596,Fitness,Educational,0.42833945533655843,1.2254553496443863,0.8384247056557255,-0.8352223978650934,-0.11100271786744596
STU0236,1.568920512548521,Female,0.017024171147864246,1.3943181014001196,0.6948645171361816,Facebook,Often,-0.009572704909306989,1.4492634449246415,-1.1415553720219989,Educational,News,-1.742561609480076,-1.3128460066692693,0.09082786080861456,0.4591095810947209,-0.5344599027820462
STU0237,-1.1136499778861746,Female,0.017024171147864246,-1.22243850928758,0.013123514304509382,TikTok,Often,1.2830918266394427,0.42504899621464753,2.395570541470023,Educational,News,1.823057242613595,1.7517854430897062,-0.2576210134275962,0.4525796179576263,-0.586947242929024
STU0238,-1.1136499778861746,Female,-0.6923162933464787,-0.5338183485802906,-1.904273056159569,Facebook,Sometimes,-0.39387837645082713,1.4492634449246415,0.7830572573780721,Gaming,News,0.597618050271665,-0.3011005364766433,0.45388494925448164,0.4222619319639727,1.554803119848077
STU0239,-1.1136499778861746,Female,0.7263646356422071,-1.4290245574997669,-0.7112263012041425,Facebook,Often,-0.7432471687613,-0.08705822814034944,-0.0492076634435803,Educational,Fitness,0.5097482452671822,1.0975472061806935,-1.1169277316426658,-1.4056613204841395,0.9850041136762251
STU0240,0.41924744521936574,Male,0.017024171147864246,0.08593979605626943,1.5896495833527513,TikTok,Sometimes,1.1433443097152536,1.4492634449246415,0.8870903724807783,Entertainment,Entertainment,0.25001543929804915,0.3046756088094796,-0.9179982263758771,-0.8151660825154459,1.2652331331050044
STU0241,-0.7304256221097896,Other,1.4357051001365502,0.8434219728342881,-0.37035579978830646,TikTok,Often,1.1084074304842062,0.9371562205696445,1.1991897177888982,Educational,Fitness,-1.824401133748957,-0.34678201628510497,0.2678450447609188,-0.5189856116543712,-0.5847232030922874
STU0242,1.568920512548521,Female,-0.6923162933464787,0.08593979605626943,0.950517393198059,Facebook,Sometimes,-1.0576790818407256,-1.6233799012053403,1.1991897177888982,Social,Entertainment,0.020003302668667768,0.43774774564282465,-0.4208892898884593,-0.9457653452573369,-0.7034869303740083
STU0243,-0.3472012663334044,Male,-0.6923162933464787,1.2565940692586621,0.26877639036638634,YouTube,Sometimes,-1.6865429079995768,-0.08705822814034944,0.9911234875834849,Fitness,Educational,-0.3909172560287666,-0.014300289331344517,1.8953719690602608,-0.4504209987148784,-0.07230442470823367
STU0244,-1.4968743336625598,Female,1.4357051001365502,-0.7404043967924774,2.2713905861844244,Facebook,Sometimes,-1.372110994920151,-1.1112726768503434,-0.20525733609764,Educational,Fitness,0.8935325406544088,1.5221863532697855,-1.8512053223574432,-0.10386652651050288,-0.193736999794038
STU0245,-0.3472012663334044,Female,0.7263646356422071,0.22366382819772743,-1.179923240650917,Twitter,Rarely,-0.254130859526638,0.42504899621464753,-0.46534012385440626,Social,Fitness,0.1496543384841056,-1.6489028059558661,1.8403763390944965,-0.6048079843133284,1.1833884671131067
STU0246,-1.4968743336625598,Female,1.4357051001365502,-0.5338183485802906,1.3339967072908743,Facebook,Often,-0.35894149721977986,1.4492634449246415,-0.9334891418165856,Educational,Fitness,0.7199466023367295,1.030415292375215,-0.4453795313575888,1.4442011629192717,-0.19685065556546888
STU0247,0.03602308944298066,Female,0.7263646356422071,0.36138786033918546,1.8879112720916085,YouTube,Often,-0.11438334260244885,-1.6233799012053403,0.5749910271726589,Educational,Social,2.4829422488237305,1.7517854430897062,-2.4011616220150875,0.6648034199131994,-1.5059205034684817
STU0248,-0.3472012663334044,Male,1.4357051001365502,0.5679739085513722,-1.0520968026199786,Twitter,Often,-1.12755284030282,-1.1112726768503434,-0.10122422099493338,Gaming,Educational,-1.2480785891607313,-0.3765742857254061,-0.16395658114215358,-0.20741308482728799,-0.5807199313861622
STU0249,1.185696156772136,Female,1.4357051001365502,0.6368359246221015,0.8652997678440998,Instagram,Sometimes,0.8638492758668752,0.9371562205696445,-0.3613070087516997,Entertainment,News,-0.13764546513349274,1.5762096685215314,1.2934276129506044,-1.1090144236847008,-0.669681524855616
STU0250,1.185696156772136,Female,-1.4016567578408217,-1.0847144771461221,-1.0094879899429992,Instagram,Rarely,1.0035967927910643,-1.1112726768503434,0.0028088941077729977,Fitness,Educational,-1.0607091520188194,0.9438190958687396,0.21456802823158472,-0.7773855815079701,0.4708061034227819
STU0251,0.8024718009957509,Male,-0.6923162933464787,-0.8781284289339354,0.05573232698148875,YouTube,Rarely,0.06030105355278759,-1.6233799012053403,1.5633056206483709,Entertainment,Social,-1.2881368826186574,1.4820660970901798,-0.10681268438085152,-0.7228137467193941,0.4948257336595344
STU0252,-0.7304256221097896,Female,1.4357051001365502,-0.7404043967924774,-0.24252936175736758,Facebook,Sometimes,-0.5685627726060636,0.9371562205696445,1.0431400451348385,News,Entertainment,0.43910781379299013,0.36545183846769363,1.4283387677103703,0.3117189845717296,0.622930428255548
STU0253,-1.4968743336625598,Male,1.4357051001365502,-0.2583702842973753,-2.1173171195444667,TikTok,Always,1.562586860487821,-1.1112726768503434,1.979438081059197,Gaming,Educational,0.28318198334385897,-0.24389937915126522,-0.8071476597261332,-1.2284194639058588,0.5935731024106284
STU0254,-1.4968743336625598,Female,0.017024171147864246,0.08593979605626943,0.48182045375128396,YouTube,Sometimes,-1.7913535456927188,0.9371562205696445,0.627007584724012,Gaming,Fitness,-0.8849695420098539,0.15928933394080994,-0.8346454747090155,-1.032986995731386,-2.071716237934208
STU0255,-0.7304256221097896,Female,-0.6923162933464787,0.7745599567635588,0.18355876501242763,Twitter,Often,-1.3022372364580566,1.4492634449246415,0.10684200921047937,Entertainment,News,-0.5339210563301798,-0.39047734479754664,-1.6105994412572235,0.3574287265313917,-1.74567199786866
STU0256,0.41924744521936574,Female,0.017024171147864246,-0.8781284289339354,1.5896495833527513,Twitter,Sometimes,0.8638492758668752,1.4492634449246415,0.0028088941077729977,Gaming,News,-0.07088164270361591,1.7517854430897062,0.5204812199161494,2.028166437750871,-0.193736999794038
STU0257,0.8024718009957509,Male,-0.6923162933464787,-1.6356106057119542,0.6522557044592022,Instagram,Sometimes,-1.232363477995962,-1.6233799012053403,-0.9855056993679389,Entertainment,Entertainment,0.6790268402022889,0.39325795661197477,-0.3272248576030167,-0.274578419951689,0.039342375095930776
STU0258,0.41924744521936574,Female,0.017024171147864246,2.2206622942488665,2.441825836892342,Twitter,Often,-0.987805323378631,-1.6233799012053403,-1.2455884871247052,Gaming,Educational,0.3460691967294202,1.6155354641827286,0.24679203016464982,0.9460582607466294,1.1700442280926888
STU0259,0.41924744521936574,Male,1.4357051001365502,-1.1535764932168513,0.14094995233544788,YouTube,Often,0.20004857047697674,0.9371562205696445,0.5749910271726589,Educational,Social,-0.6713253102342486,-0.16763116938409428,-1.1650489078627098,0.9908351508295639,-0.4254819507819652
STU0260,0.41924744521936574,Male,1.4357051001365502,0.9122839889050168,-0.11470292372642911,Twitter,Sometimes,0.6891648797116388,-0.5991654524953465,-0.9334891418165856,Entertainment,Entertainment,-0.8780777925977377,0.32771496384331267,-1.2922263021585403,0.1773883143229271,-1.0117388517456658
STU0261,-0.7304256221097896,Male,-1.4016567578408217,0.01707777998554073,-0.19992054908038823,YouTube,Rarely,1.3529655851015372,-0.08705822814034944,0.26289168186453954,Entertainment,Educational,-0.737658398325868,1.1904990868344332,-1.1134905047698056,0.1559327211581878,0.5913490625738915
STU0262,0.41924744521936574,Male,0.017024171147864246,0.29252584426845674,-0.4555734251422654,TikTok,Often,-1.0227422026096784,-1.1112726768503434,0.0028088941077729977,Social,Gaming,0.2887815297412035,-0.5994204611388585,-0.8071476597261332,-0.275511271828417,0.37116911873699354
STU0263,1.185696156772136,Female,0.7263646356422071,0.01707777998554073,-2.1173171195444667,Instagram,Sometimes,-0.2191939802955907,-1.1112726768503434,-0.6213897965084659,Gaming,News,-1.824401133748957,-1.8971717179583756,1.8953719690602608,-1.0814952933212312,-0.4503911969534124
STU0264,-1.1136499778861746,Female,-1.4016567578408217,-0.3960943164388327,-0.24252936175736758,Twitter,Sometimes,0.6891648797116388,-0.5991654524953465,2.135487753713256,Gaming,Social,-0.09931010902859581,1.0697410880364124,0.8813900415664789,-1.1626534065965493,-1.636694045868579
STU0265,0.03602308944298066,Female,0.017024171147864246,0.49911189248064347,-2.1173171195444667,YouTube,Always,-1.5467953910753875,-0.5991654524953465,-0.9855056993679389,Entertainment,Fitness,-1.447508587773847,-1.2270442706812021,0.03583223084285005,0.055184718471586194,0.3822893179206753
STU0266,-1.4968743336625598,Male,0.017024171147864246,-0.464956332509562,0.48182045375128396,Facebook,Often,0.234985449708024,-0.5991654524953465,1.0951566026861914,Educational,Social,-0.4947242315487684,1.1015195087727334,-0.017444785686484353,0.6055673257409846,-0.2778057056226719
STU0267,-1.4968743336625598,Female,-1.4016567578408217,1.1877320531879323,-1.3077496786818559,Instagram,Often,1.31802870587049,0.42504899621464753,0.47095791206995224,Educational,Fitness,-1.5405472048374167,-0.9855282730851611,0.22745762900481065,0.27813631700952873,-1.4765631776235622
STU0268,0.03602308944298066,Female,1.4357051001365502,0.6368359246221015,-0.9242703645890401,TikTok,Often,0.234985449708024,0.42504899621464753,0.0028088941077729977,Fitness,Social,-0.772978614062964,0.7309036769353875,0.9591572995649422,-0.8328902681732742,0.6718593046637473
STU0269,-0.7304256221097896,Male,0.017024171147864246,0.6368359246221015,-0.7112263012041425,YouTube,Often,-1.372110994920151,0.9371562205696445,-1.0895388144706453,Educational,News,-0.9883457831915984,-2.2205171489504436,-0.41788171637470684,0.5897088438366119,0.13942416774906632
STU0270,-0.3472012663334044,Female,1.4357051001365502,-0.5338183485802906,-0.19992054908038823,TikTok,Often,-0.4637521349129217,0.42504899621464753,2.447587099021376,Gaming,Fitness,-1.0180664525313499,0.3686296805413262,0.8130751574683808,1.0687282825363347,-0.008696885377574206
STU0271,-0.7304256221097896,Other,-1.4016567578408217,-0.2583702842973753,0.013123514304509382,TikTok,Often,-0.8480578064544418,1.4492634449246415,-0.15324077854628668,Social,Educational,0.2616452664309955,1.0713300090732287,-0.4801814534452992,-1.2699313724202455,0.3996368286472188
STU0272,-1.4968743336625598,Male,1.4357051001365502,-1.22243850928758,1.1635614565829564,Twitter,Often,1.2830918266394427,1.4492634449246415,0.7830572573780721,Entertainment,Fitness,-0.37067274213067497,1.3056958620035972,0.4959909784470202,0.04912118127285541,0.8689092341985879
STU0273,-1.4968743336625598,Male,-0.6923162933464787,-0.32723230036810397,-0.5833998631732039,Twitter,Sometimes,0.3048592081701186,-1.6233799012053403,1.5633056206483709,News,Entertainment,-0.43700583022229433,0.15293364979354582,-0.5622452450348385,0.7058489024892227,0.30311349973286167
STU0274,0.03602308944298066,Female,0.7263646356422071,-1.0847144771461221,0.5244292664282637,YouTube,Often,-1.2673003572270094,0.9371562205696445,-0.5693732389571129,Social,Educational,0.4795968415891736,0.1755757745681747,-0.8922190248294253,-0.5227170191612823,-0.29915648805534095
STU0275,0.41924744521936574,Female,0.017024171147864246,1.3943181014001196,2.9105227763391173,Facebook,Often,-1.7564166664616714,-1.1112726768503434,0.9391069300321317,News,Entertainment,1.2170140286856175,0.581147869215474,0.8465881194787686,1.4698545895292858,-0.2502276116471413
STU0276,-0.7304256221097896,Male,0.7263646356422071,0.08593979605626943,0.3966028283973252,YouTube,Always,1.0385336720221117,-0.08705822814034944,-0.7254229116111726,Social,Social,-0.020916459465772884,-1.0256485292647668,-0.1201319385131849,0.3905449681552281,1.2888079553744098
STU0277,1.568920512548521,Female,1.4357051001365502,0.22366382819772743,-0.19992054908038823,Facebook,Often,-1.232363477995962,-1.6233799012053403,1.5112890630970175,Educational,Educational,-1.824401133748957,-0.9116434448732142,-0.44151265112562116,0.2454865013240561,-2.2807759825874245
STU0278,0.03602308944298066,Female,0.017024171147864246,-0.18950826822664596,-0.7964439265581015,TikTok,Often,-0.7781840479923473,-1.1112726768503434,-0.7254229116111726,Gaming,Social,-0.8255282033303507,-1.0153205425254623,0.7645243278892295,-0.2498578452184028,-0.9681476709456335
STU0279,1.185696156772136,Female,1.4357051001365502,0.22366382819772743,-0.19992054908038823,Instagram,Sometimes,-1.372110994920151,-1.1112726768503434,0.10684200921047937,News,Gaming,0.18885116326551718,0.1716034719761345,-1.296093182390508,0.3919442459703198,0.6109206131371719
STU0280,-1.4968743336625598,Female,-0.6923162933464787,2.5649723746025113,-0.9242703645890401,YouTube,Often,1.5276499812567736,0.9371562205696445,0.36692479696724567,Social,Social,-0.8996145095106011,-1.701337200170796,1.8953719690602608,-1.3800078938741251,1.5712610146399253
STU0281,0.03602308944298066,Female,-1.4016567578408217,-0.32723230036810397,0.3113852030433661,YouTube,Sometimes,1.4228393435636317,-0.5991654524953465,0.8870903724807783,Gaming,Social,0.2306323940764722,0.0512427034373179,-0.34612960540374843,-1.1430635171852657,0.9423025488108868
STU0282,-0.7304256221097896,Male,0.017024171147864246,-0.6715423807217487,0.14094995233544788,Facebook,Sometimes,1.457776222794679,-0.5991654524953465,2.0834711961619035,News,Entertainment,-0.07475825174793148,0.2462827607064894,0.31940344785382313,1.2408394537926126,0.8173115099863048
STU0283,-1.4968743336625598,Male,-0.6923162933464787,0.5679739085513722,-2.1173171195444667,TikTok,Sometimes,1.0385336720221117,-1.6233799012053403,-0.41332356630305295,Entertainment,Fitness,1.2708558209677763,-1.6584363321767626,-0.9338954006628561,1.1517520995651078,0.07003412484289256
STU0284,-0.3472012663334044,Female,-0.6923162933464787,-2.599678830702159,0.013123514304509382,TikTok,Often,-1.372110994920151,-0.5991654524953465,1.251206275340251,Social,Gaming,0.5683281152701708,1.0931776733294494,-1.0524797277765356,-0.029704802310643087,-0.6189734165780273
STU0285,0.03602308944298066,Female,0.017024171147864246,0.08593979605626943,1.1635614565829564,Facebook,Sometimes,-0.3240046179887326,-1.1112726768503434,2.0834711961619035,Entertainment,Social,1.1709254544920902,0.7742017751886253,-0.47201803962225614,1.8341332473914895,-0.24933799571244664
STU0286,0.8024718009957509,Male,1.4357051001365502,-0.3960943164388327,-0.4129646124652858,TikTok,Often,1.1433443097152536,-0.5991654524953465,0.21087512431318597,Educational,Social,-1.1223041623896088,0.7896937552975819,0.9617352197195875,-0.9560267159013426,-2.2807759825874245
STU0287,-1.4968743336625598,Female,-0.6923162933464787,-1.0158524610753934,-0.668617488527163,Twitter,Always,1.457776222794679,0.42504899621464753,-0.5173566814057596,Entertainment,Gaming,-0.6484963903066133,0.8270333996627592,0.510599192656676,-0.5133885003940045,1.5717058226072729
STU0288,-0.7304256221097896,Female,0.7263646356422071,0.5679739085513722,-1.4355761167127943,Instagram,Sometimes,-1.092615961071773,-0.5991654524953465,-1.7657540626382378,Entertainment,Gaming,-0.12946151270660444,-0.5974343098428385,0.16687650537064838,0.7156438471948643,-0.8565008711414689
STU0289,-1.1136499778861746,Female,-0.6923162933464787,0.08593979605626943,-1.9468818688365483,YouTube,Often,0.09523793278383487,-1.1112726768503434,2.03145463861055,Fitness,Educational,0.28576638937340265,-1.1797738698359246,0.7649539812483367,0.15733199897327954,-0.5784958915494257
STU0290,1.568920512548521,Female,1.4357051001365502,-1.8421966539241408,0.9079085805210791,Instagram,Often,1.0035967927910643,0.9371562205696445,-0.20525733609764,Social,Entertainment,0.2909352014324898,1.002609174230934,0.7370265129063472,1.9180899162969909,1.4240295774479799
STU0291,0.41924744521936574,Female,1.4357051001365502,-0.6715423807217487,-0.19992054908038823,YouTube,Rarely,-0.42881525568187445,-1.6233799012053403,-0.9855056993679389,Educational,Gaming,-1.133933989522555,-0.5616835865144773,-0.5493556442616123,0.10695799762997873,-2.0815020132158484
STU0292,-0.7304256221097896,Female,0.7263646356422071,-2.9439889110558037,0.8226909551671204,Twitter,Always,1.0734705512531588,-0.08705822814034944,-1.3496216022274115,Entertainment,Gaming,1.4814849123755807,1.0232651477095425,-1.4645172991606616,-0.5175863338392794,-0.8649522225210672
STU0293,1.185696156772136,Female,-0.6923162933464787,0.29252584426845674,1.6322583960297314,TikTok,Rarely,-1.3022372364580566,-0.5991654524953465,-0.9855056993679389,Gaming,News,0.8026475952821251,0.6304044213567717,-2.245197452659052,0.45724387734126504,0.2057005548838095
STU0294,1.185696156772136,Male,1.4357051001365502,0.29252584426845674,0.9931262058750383,Facebook,Often,0.724101758942686,1.4492634449246415,0.9911234875834849,News,Fitness,-0.05063712880552433,-0.11718292646518426,-0.09993823063513081,1.5309563874549565,0.452568976761544
STU0295,-1.1136499778861746,Female,0.017024171147864246,-0.8092664128632067,-0.5833998631732039,Twitter,Often,-0.009572704909306989,1.4492634449246415,1.1471731602375446,Entertainment,Gaming,-0.9142594770113482,1.2310165732732425,-1.278477394667099,-0.35620295916537104,-0.12701580469194762
STU0296,0.41924744521936574,Male,-1.4016567578408217,0.5679739085513722,0.18355876501242763,Instagram,Often,0.7590386381737333,-1.1112726768503434,0.7310406998267186,Educational,Entertainment,-0.03513069262826268,-0.059187308621398316,-0.16782346137412155,-0.261984919615864,-0.5397975983902134
STU0297,0.8024718009957509,Male,-1.4016567578408217,-1.2913005253583094,-0.6260086758501834,Facebook,Often,1.4927131020257263,-0.08705822814034944,0.21087512431318597,Entertainment,Fitness,-0.5537348358900143,1.6369858981797458,0.8702190542296828,0.2622778351051564,1.1842780830478017
STU0298,-1.1136499778861746,Female,-1.4016567578408217,0.01707777998554073,-0.7538351138811219,TikTok,Sometimes,0.025364174321740297,-0.08705822814034944,-1.2455884871247052,News,Fitness,-1.0249582019434662,0.4997156660786511,-1.9427214878473478,-1.1300035909110764,0.5659950084350975
STU0299,-1.1136499778861746,Male,-0.6923162933464787,0.43024987640991413,0.3966028283973252,Twitter,Rarely,1.2132180681773481,-0.08705822814034944,-0.7254229116111726,Educational,Social,0.48907299703083346,-0.42980314045874424,1.3303778018338523,0.12514860922617074,-0.010920925214310425
STU0300,-1.4968743336625598,Male,0.7263646356422071,-0.6715423807217487,-0.8816615519120606,Facebook,Often,-0.009572704909306989,-0.08705822814034944,-1.0895388144706453,Social,Social,-0.12041609160320176,-0.17954807716021462,-0.1437628732640995,-0.2526564008485859,1.146914213790631
STU0301,1.185696156772136,Female,1.4357051001365502,-0.051784236085187965,-2.1173171195444667,Twitter,Often,-0.7781840479923473,1.4492634449246415,0.627007584724012,Educational,Social,-1.415634246742809,-2.2205171489504436,0.9930999149344377,-1.227020186090767,-0.7955621796148931
STU0302,-1.4968743336625598,Male,0.017024171147864246,-0.5338183485802906,-0.9242703645890401,Twitter,Always,-0.6733734102992055,0.9371562205696445,-1.0375222569192921,Social,Social,-0.5296137129476072,-0.1449890446094654,-0.30230496277477975,0.9544539276371797,2.1673036908852663
STU0303,1.568920512548521,Male,0.017024171147864246,-0.3960943164388327,-0.3277469871113267,TikTok,Always,0.16511169124592945,-1.1112726768503434,-0.6734063540598193,Educational,News,0.46710554577971286,-0.5044824291890989,-2.0226370126413493,0.8065969051758244,-2.2807759825874245
STU0304,0.41924744521936574,Female,-0.6923162933464787,-0.3960943164388327,1.6322583960297314,YouTube,Always,-0.009572704909306989,-1.1112726768503434,-0.15324077854628668,News,Gaming,1.5529868125262871,0.04568147980846167,-1.7364878754757311,0.4245940616557927,1.7256093793094276
STU0305,0.8024718009957509,Female,-1.4016567578408217,-0.7404043967924774,-0.4981822378192449,Facebook,Often,-1.5118585118443404,-0.5991654524953465,-1.6617209475355312,News,Social,1.590029965616412,1.0804663050349206,1.8953719690602608,-0.20741308482728799,0.8262076693332496
STU0306,0.8024718009957509,Male,-0.6923162933464787,0.36138786033918546,0.5670380791052431,TikTok,Sometimes,0.06030105355278759,-0.08705822814034944,0.10684200921047937,Educational,Educational,0.7509594746912528,0.9561332339040641,-1.1555965339623442,-0.4005134233099414,-0.2586789630267393
STU0307,-0.7304256221097896,Female,0.7263646356422071,-0.60268036465102,-0.15731173640340884,Twitter,Always,-1.7913535456927188,-0.5991654524953465,-0.0492076634435803,Entertainment,Social,0.05230837803796293,0.7332870584906117,-1.9006154586548096,-0.45555168403688123,0.3773964302798553
STU0308,-1.1136499778861746,Female,0.7263646356422071,0.01707777998554073,0.013123514304509382,TikTok,Often,-0.28906773875768527,1.4492634449246415,1.3032228328916047,News,Gaming,-0.47706412368022033,1.2075799879802056,0.12562978289632498,-1.3328988740993715,-0.20886047068384528
STU0309,1.568920512548521,Female,1.4357051001365502,-0.7404043967924774,1.2487790819369156,YouTube,Sometimes,1.6324606189499156,1.4492634449246415,-0.7774394691625258,Social,Social,-0.40857736389731475,0.133469367092549,-0.25246517311830585,-0.3944498861112106,1.4680655662153592
STU0310,1.185696156772136,Female,1.4357051001365502,-1.5667485896412248,1.2487790819369156,Facebook,Always,0.7939755174047807,1.4492634449246415,-1.2976050446760585,Social,News,0.8069549386646979,1.0157177727846662,-0.9407698544085765,0.021135624971021522,0.7047750942474457
STU0311,0.8024718009957509,Other,0.7263646356422071,0.9811460049757461,-1.81905543080561,YouTube,Always,1.5975237397188682,1.4492634449246415,-0.3092904512003466,Gaming,Entertainment,-1.7576373113190804,-1.2850398885249883,0.9424008185597483,-0.22793582611529933,-0.4130273276962416
STU0312,1.568920512548521,Female,0.7263646356422071,0.49911189248064347,0.22616757768940698,Instagram,Often,0.968659913560017,1.4492634449246415,-1.0895388144706453,Fitness,Entertainment,-0.10146378071988203,-1.3112570856324535,1.0562589587232454,0.4982893599172884,0.8257628613659028
STU0313,-0.3472012663334044,Female,0.7263646356422071,2.358386326390325,0.8226909551671204,Facebook,Rarely,-1.5118585118443404,1.4492634449246415,0.10684200921047937,Fitness,Gaming,-1.824401133748957,-1.2067855274617976,0.17589922591190632,-0.8613422504134718,1.4938644283215008
STU0314,-0.3472012663334044,Female,-0.6923162933464787,-1.0847144771461221,0.4392116410743046,YouTube,Often,-0.7083102895302528,0.9371562205696445,-1.8697871777409443,Fitness,Entertainment,0.6609359979954837,0.1231413803532447,0.06418935254394752,0.499222211794016,-1.9427219274035
STU0315,-1.4968743336625598,Male,0.7263646356422071,-0.18950826822664596,0.6948645171361816,Twitter,Always,-1.3022372364580566,1.4492634449246415,-0.5693732389571129,Social,Entertainment,0.5622978345345689,0.33367341773137255,0.8440101993241232,-0.5017278519349071,2.1673036908852663
STU0316,1.185696156772136,Male,0.017024171147864246,-0.12064625215591727,0.05573232698148875,Facebook,Always,-1.4070478741511985,-0.08705822814034944,-0.9334891418165856,Gaming,Educational,1.520251002818735,1.7517854430897062,-1.1766495485586133,0.14100709113054308,-0.7154967454923848
STU0317,-0.7304256221097896,Female,-1.4016567578408217,1.0500080210464748,-0.7964439265581015,Facebook,Sometimes,1.562586860487821,-0.08705822814034944,0.627007584724012,Fitness,Gaming,0.04670883164061832,-0.5879007836219421,-1.623059388671342,-1.1878404072681996,-0.9966153808558587
STU0318,0.8024718009957509,Female,0.7263646356422071,-0.5338183485802906,-1.7764466181286305,TikTok,Rarely,0.8987861550979225,0.42504899621464753,-0.7774394691625258,Fitness,Gaming,-1.327764441738326,-0.37856043702142633,1.2148010482339255,-0.12578854561360597,-1.2750651684152492
STU0319,-1.1136499778861746,Female,-1.4016567578408217,-1.22243850928758,-0.668617488527163,Twitter,Always,0.16511169124592945,0.9371562205696445,-1.7657540626382378,Educational,Entertainment,0.8844871195510061,0.016683670886568698,1.8953719690602608,0.1517348877129129,-0.14480812338583832
STU0320,-1.1136499778861746,Male,-0.6923162933464787,1.2565940692586621,2.867913963662137,Instagram,Often,-1.5467953910753875,-0.5991654524953465,-0.15324077854628668,Educational,Entertainment,0.6928103390265214,1.2151273629050816,-0.5991954339180865,0.8005333679770938,-1.7536785412809106
STU0321,0.8024718009957509,Female,-1.4016567578408217,-0.32723230036810397,-0.4981822378192449,YouTube,Often,0.6891648797116388,-1.6233799012053403,0.36692479696724567,Educational,Entertainment,-1.436309494979158,-0.848483833659776,0.006615802423537698,-0.8338231200500017,-1.6349148139991898
STU0322,0.41924744521936574,Male,-0.6923162933464787,0.9122839889050168,-2.074708306867487,TikTok,Always,-0.8829946856854892,1.4492634449246415,-0.20525733609764,Entertainment,Fitness,-1.0025600163540884,0.06117345991741827,0.7090990445643572,-0.7671242108639644,-0.3747738425043765
STU0323,-0.7304256221097896,Female,0.017024171147864246,0.7745599567635588,0.7800821424901406,YouTube,Rarely,0.3397960874011659,0.42504899621464753,-0.5693732389571129,Fitness,News,-0.6523729993509287,0.009533526220896439,1.6350020334410946,1.8248047286242115,0.07893028418983775
STU0324,1.568920512548521,Female,-0.6923162933464787,0.01707777998554073,0.9079085805210791,Instagram,Often,-1.4070478741511985,-1.6233799012053403,0.0028088941077729977,Entertainment,Social,0.6910874016734924,-0.07865159132239484,-0.5970471671225487,-0.2442607339580358,0.173229573267459
STU0325,0.41924744521936574,Female,-0.6923162933464787,-0.18950826822664596,1.3766055199678537,Instagram,Rarely,0.44460672509430776,-0.08705822814034944,0.1588585667618329,Gaming,News,1.9802752760774978,1.5603204581533712,-0.570838312216989,0.6358850117346382,1.1580344129743128
STU0326,0.41924744521936574,Female,1.4357051001365502,-0.3960943164388327,0.5244292664282637,Facebook,Often,-0.35894149721977986,0.42504899621464753,-0.8814725842652322,Social,Gaming,0.34219258768510463,-0.34161802291545296,0.7799918488171007,0.02813201404647991,1.580157173986871
STU0327,-1.4968743336625598,Female,0.7263646356422071,0.01707777998554073,0.013123514304509382,Instagram,Always,0.3397960874011659,0.42504899621464753,-0.3092904512003466,Fitness,Educational,-0.2716038443315033,1.0451128119657633,-0.809295926521671,1.0122907439943027,1.3017073864274809
STU0328,-0.3472012663334044,Male,0.7263646356422071,0.9122839889050168,1.9731288974455672,YouTube,Often,-1.4419847533822459,-1.1112726768503434,0.8350738149294251,Social,Social,1.5435106570846273,1.481668866830976,-1.729183768370903,1.4782502564198357,0.13186243230416297
STU0329,0.41924744521936574,Female,0.017024171147864246,-0.8092664128632067,-0.7964439265581015,Twitter,Always,-0.3240046179887326,-0.08705822814034944,-1.2976050446760585,Educational,Educational,0.6157088924784704,-0.26971934599952613,0.6841791497361203,-0.37346071888483545,-1.94761481504432
STU0330,0.41924744521936574,Male,0.017024171147864246,0.15480181212699873,-1.0094879899429992,Twitter,Often,1.4927131020257263,-0.08705822814034944,0.0028088941077729977,Fitness,Fitness,-1.49273569329086,1.3124487764100654,-0.14591114005963704,0.36862294905212495,-1.8800040040075352
STU0331,0.03602308944298066,Female,0.7263646356422071,-1.1535764932168513,-1.1373144279739378,Facebook,Sometimes,-1.232363477995962,0.9371562205696445,-1.8177706201895911,News,Gaming,-1.7994185421300355,0.29037531947813505,-0.5820092995537849,2.028166437750871,0.9391888930394563
STU0332,-1.4968743336625598,Female,1.4357051001365502,-1.0158524610753934,-0.28513817443434736,YouTube,Sometimes,1.562586860487821,0.42504899621464753,0.3149082394158926,Entertainment,Fitness,-0.8272511406833799,1.0228679174503388,1.8953719690602608,0.18065329589147439,0.7688274415454524
STU0333,1.185696156772136,Female,0.7263646356422071,0.01707777998554073,1.547040770675772,YouTube,Often,-0.7083102895302528,1.4492634449246415,-0.9855056993679389,Entertainment,Gaming,0.8948247436691807,1.713651338206121,-0.24129418578150974,2.028166437750871,-0.6603405575413234
STU0334,0.03602308944298066,Female,1.4357051001365502,-1.9799206860655985,0.5670380791052431,Instagram,Often,1.4228393435636317,-0.08705822814034944,1.0951566026861914,Fitness,Educational,0.5304234935035312,1.7517854430897062,-0.12958431241355092,0.6512770677006466,-1.466777402341922
STU0335,0.03602308944298066,Female,0.017024171147864246,2.1518002781781376,0.5244292664282637,YouTube,Rarely,1.1433443097152536,0.42504899621464753,-1.5056712748814713,Educational,Educational,-0.5787174275089357,-0.24946060278012147,0.582780956986742,-1.0922230899036007,-1.526381669966456
STU0336,0.8024718009957509,Other,-1.4016567578408217,-1.22243850928758,0.013123514304509382,TikTok,Often,1.1433443097152536,0.9371562205696445,0.5229744696213058,Entertainment,Educational,-1.824401133748957,0.40596932490650356,-0.2829705616149409,-0.37066216325465196,0.11407011361027229
STU0337,-0.3472012663334044,Male,0.017024171147864246,-0.051784236085187965,-0.7112263012041425,Instagram,Often,-0.42881525568187445,1.4492634449246415,1.3032228328916047,Educational,Gaming,0.026033583404269554,0.7511624201547925,1.2453064367305609,-0.601076576806417,-0.32895862186760777
STU0338,0.41924744521936574,Male,0.017024171147864246,1.2565940692586621,-1.9468818688365483,TikTok,Often,-1.0227422026096784,0.9371562205696445,-1.0375222569192921,Gaming,Entertainment,-1.824401133748957,-2.2205171489504436,1.4837640510352426,-1.2792598911875235,0.963653331243556
STU0339,-0.3472012663334044,Male,-0.6923162933464787,-0.8781284289339354,1.2487790819369156,Facebook,Often,0.13017481201488215,-1.1112726768503434,-0.8294560267138792,Social,Educational,0.41498669085058326,-0.4087499367209314,-1.3661266799250362,0.3070547251880905,-0.05273287414495362
STU0340,-0.7304256221097896,Male,-0.6923162933464787,-2.393092782489972,1.7174760213836902,Twitter,Often,-1.6166691495374823,1.4492634449246415,-0.9334891418165856,News,Fitness,1.3574334229574874,1.511461136271277,-0.3160538702662209,0.3770186159426748,-0.29559802431656257
STU0341,0.8024718009957509,Female,-0.6923162933464787,-0.464956332509562,0.8226909551671204,Facebook,Rarely,1.1782811889463007,0.42504899621464753,-0.46534012385440626,Social,Social,-0.6764941222933358,-0.6502659343169724,-0.6743847717619051,-1.1258057574658011,1.4894163486480283
STU0342,1.185696156772136,Female,-0.6923162933464787,-0.8781284289339354,-1.0520968026199786,Twitter,Sometimes,-0.07944646337140156,-0.08705822814034944,0.5749910271726589,Social,Gaming,0.31979440209572685,-0.38531335142789436,-0.8758921971833389,2.028166437750871,-1.691405425852293
STU0343,-0.3472012663334044,Male,1.4357051001365502,-2.324230766419243,0.013123514304509382,Facebook,Often,-0.5336258933750163,-0.08705822814034944,-0.5173566814057596,Gaming,Fitness,0.5627285688728264,1.7517854430897062,-2.1313393124955557,1.3224639930062947,0.2537398153573145
STU0344,-1.1136499778861746,Male,0.7263646356422071,0.29252584426845674,-0.24252936175736758,YouTube,Often,0.40966984586326044,0.42504899621464753,-1.0895388144706453,Entertainment,News,-1.433294354611357,-0.38332720013187443,0.5780547700365593,0.14287279488399862,-0.38367000185132205
STU0345,-0.7304256221097896,Male,-1.4016567578408217,0.22366382819772743,-1.2651408660048762,TikTok,Rarely,0.06030105355278759,0.42504899621464753,-2.025836850395004,News,News,0.33917744731730376,-0.7734073146702172,0.2532368305512628,-0.6313942628000706,0.640722746949439
STU0346,-1.4968743336625598,Female,0.017024171147864246,1.1877320531879323,-1.0094879899429992,Twitter,Always,0.6891648797116388,0.42504899621464753,1.7193552933024305,Entertainment,Social,-0.40383928617648485,-1.640958200771786,1.8953719690602608,1.1536178033185636,0.8008536151944556
STU0347,1.185696156772136,Female,1.4357051001365502,-1.1535764932168513,-0.4555734251422654,Instagram,Always,-0.11438334260244885,-0.5991654524953465,1.8233884084051373,Fitness,Entertainment,1.1252676146368195,0.8747010307672411,-0.48705590719101993,2.028166437750871,-0.3823355779492802
STU0348,-0.7304256221097896,Male,-1.4016567578408217,-1.6356106057119542,0.05573232698148875,TikTok,Often,1.6324606189499156,-0.08705822814034944,0.627007584724012,Social,Educational,0.9650344408051156,0.07507651898955886,-0.7757829645112833,0.6927889762150335,-0.10833387006336224
STU0349,0.8024718009957509,Female,1.4357051001365502,-0.3960943164388327,-0.15731173640340884,Instagram,Rarely,-1.4419847533822459,-0.08705822814034944,-0.7774394691625258,Fitness,Gaming,-1.824401133748957,-1.7700580350130908,0.16687650537064838,-0.23539864112912187,-2.2807759825874245
STU0350,0.03602308944298066,Female,1.4357051001365502,-0.051784236085187965,-1.4781849293897737,TikTok,Always,1.2481549474083953,1.4492634449246415,0.8350738149294251,Educational,Fitness,-0.049775660129009656,-0.6518548553537885,-0.6554800239611733,1.2772206769849965,0.588235406802461
STU0351,0.03602308944298066,Male,0.017024171147864246,0.9811460049757461,1.291387894613895,TikTok,Often,-0.11438334260244885,0.9371562205696445,1.0431400451348385,Social,Educational,-0.7570414435474451,0.9279298855005793,0.058603858875549454,0.5416669721851305,0.622930428255548
STU0352,0.8024718009957509,Female,0.7263646356422071,1.4631801174708483,-0.15731173640340884,Facebook,Always,-1.092615961071773,-0.08705822814034944,-0.20525733609764,Entertainment,Fitness,-0.691139089794083,-0.738848282119468,0.52563706022544,0.6466128083170073,1.6677843435542827
STU0353,1.568920512548521,Female,-0.6923162933464787,1.2565940692586621,-0.7538351138811219,Twitter,Always,0.47954360432535503,-0.5991654524953465,0.0028088941077729977,Social,Gaming,0.18066721083862888,-1.7080901145772645,0.4302540145035673,1.030947781528859,0.35293199207575565
STU0354,0.03602308944298066,Male,0.7263646356422071,0.29252584426845674,1.2061702692599359,Twitter,Always,0.37473296663221317,0.42504899621464753,1.3552393904429578,Educational,News,0.326686151507843,0.5871063231035345,0.8581887601746718,0.25108361258442274,0.7492558909821726
STU0355,-1.4968743336625598,Male,0.017024171147864246,0.8434219728342881,-1.2651408660048762,TikTok,Often,1.0734705512531588,-1.1112726768503434,-1.6617209475355312,Gaming,Educational,-0.06312842461498509,-0.42463914708909195,1.8953719690602608,-2.5740582960857017,-1.1038141009865505
STU0356,-1.4968743336625598,Male,0.017024171147864246,0.01707777998554073,-1.7338378054516508,YouTube,Sometimes,-0.8480578064544418,0.42504899621464753,1.0951566026861914,Fitness,Social,-0.7139680097217181,-0.5700254219577615,1.167968832091204,-1.3240367812704577,-2.2807759825874245
STU0357,-1.1136499778861746,Male,0.017024171147864246,0.01707777998554073,1.3766055199678537,YouTube,Often,-1.232363477995962,0.42504899621464753,0.0028088941077729977,Fitness,Entertainment,0.44384589151382003,0.18391761001145904,0.9299408711456302,1.2170517309360536,-0.1492562030593111
STU0358,0.41924744521936574,Female,-1.4016567578408217,-1.22243850928758,2.0157377101225467,Instagram,Often,-1.6166691495374823,-0.5991654524953465,-1.0895388144706453,Entertainment,Social,0.8461517634461092,1.609577010294669,1.4511103957430698,1.3546473827534034,-0.6114116811331237
STU0359,1.568920512548521,Female,0.7263646356422071,0.08593979605626943,-0.4981822378192449,Instagram,Often,-1.1624897195338675,1.4492634449246415,-1.0375222569192921,Social,Entertainment,-1.591804591090032,-1.7958780018613518,-0.3878059812371793,1.1858011930656724,-0.6403241990106961
STU0360,1.185696156772136,Male,0.7263646356422071,0.08593979605626943,-0.029485298372469985,Facebook,Sometimes,0.13017481201488215,-0.08705822814034944,-0.8294560267138792,Entertainment,Fitness,-0.7350739922963244,-0.7301092164169793,0.22273144205462778,-0.7251458764112138,0.8222043976271247
STU0361,0.03602308944298066,Male,1.4357051001365502,1.807490197824493,-1.2225320533278967,TikTok,Sometimes,-0.8480578064544418,0.42504899621464753,-1.1935719295733518,Gaming,Educational,-1.3359483941652142,-2.2205171489504436,0.5454011147443864,0.9124755931844288,1.1255634313579619
STU0362,-1.4968743336625598,Male,1.4357051001365502,-0.18950826822664596,0.013123514304509382,Instagram,Always,0.47954360432535503,-0.08705822814034944,1.8754049659564904,Social,Educational,2.019472100858909,1.2302221127548347,0.5565721020811825,0.44558322888216756,0.8471136437985712
STU0363,0.8024718009957509,Male,1.4357051001365502,0.08593979605626943,-0.4981822378192449,Instagram,Often,-0.498689014143969,-1.6233799012053403,0.5749910271726589,Social,Entertainment,1.3690632500904334,0.24151599759604103,0.17589922591190632,0.42832546916270386,0.20925901862258758
STU0364,0.03602308944298066,Female,0.017024171147864246,0.29252584426845674,-0.11470292372642911,TikTok,Always,-0.5336258933750163,0.9371562205696445,1.1471731602375446,Entertainment,News,-0.5869013799358239,-0.08659619650647525,-0.6400125030333021,1.1410243029827387,0.36049372752065934
STU0365,0.41924744521936574,Male,0.7263646356422071,-0.464956332509562,0.4392116410743046,Facebook,Always,0.5494173627874496,1.4492634449246415,0.627007584724012,Entertainment,Gaming,0.35985269555365285,-0.6740997498692134,-0.10509407094442143,-1.0222591991490162,-0.3396340130839423
STU0366,0.8024718009957509,Male,0.017024171147864246,-0.8092664128632067,-1.1373144279739378,Instagram,Often,1.1782811889463007,-0.08705822814034944,0.10684200921047937,Educational,Social,-0.5128150737555737,0.5593002049592534,1.200622487383377,-1.4331804508476096,0.04912815037757096
STU0367,-0.7304256221097896,Male,-1.4016567578408217,1.3254560853293909,-0.37035579978830646,Facebook,Often,1.31802870587049,-1.1112726768503434,0.10684200921047937,Gaming,Fitness,-0.25179006477166893,0.584325711289106,-0.9351843607401787,-1.2153595376316695,-1.5633007312562794
STU0368,-0.7304256221097896,Female,1.4357051001365502,-1.0158524610753934,-1.904273056159569,Twitter,Always,-0.11438334260244885,0.9371562205696445,-0.3613070087516997,Educational,Social,-0.11524727954411464,-0.0282033484034851,-0.40499211560148063,0.7263716437772341,-1.1958893502274353
STU0369,0.03602308944298066,Male,0.017024171147864246,-1.3601625414290381,-0.37035579978830646,Facebook,Often,-0.3240046179887326,-1.1112726768503434,-0.2572738936489933,Fitness,Social,0.9301449594062767,0.3154008258079881,-1.2685953674076258,-0.46348092498906757,-0.8311468170026745
STU0370,0.41924744521936574,Female,0.017024171147864246,0.7056979406928301,-0.07209411104944974,YouTube,Often,-0.5685627726060636,0.42504899621464753,-1.401638159778765,Social,Fitness,-1.824401133748957,0.11638846594677638,0.6828901896587977,2.028166437750871,0.9178381106067872
STU0371,1.568920512548521,Male,-1.4016567578408217,1.1877320531879323,0.26877639036638634,YouTube,Sometimes,0.20004857047697674,0.9371562205696445,1.1991897177888982,Entertainment,Fitness,-0.2638506262428725,-0.09930756480100375,1.6715225689652355,-0.21674160359456604,-0.35253344413701304
STU0372,0.03602308944298066,Female,-0.6923162933464787,-0.464956332509562,0.26877639036638634,Facebook,Often,-1.372110994920151,-0.08705822814034944,-1.8177706201895911,Social,Educational,-0.14798308925166698,0.8723176492120169,-2.0277928529506397,-1.4499717846287097,1.7193820677665665
STU0373,-1.4968743336625598,Female,0.7263646356422071,-0.464956332509562,0.9931262058750383,YouTube,Often,-0.009572704909306989,0.9371562205696445,-1.0375222569192921,Social,Social,-0.37713375720453396,1.3779917691787282,-0.0432239872329362,-0.39211775641939123,1.1740474997988144
STU0374,-0.3472012663334044,Male,-0.6923162933464787,0.29252584426845674,-1.6060113674207124,Twitter,Sometimes,0.20004857047697674,0.42504899621464753,2.135487753713256,News,Gaming,-0.24403684668303807,-1.0041980952677498,-0.13817737959570145,-0.7153509317055718,-0.8404877843169671
STU0375,0.03602308944298066,Male,1.4357051001365502,-0.7404043967924774,-1.563402554743733,TikTok,Sometimes,-0.7083102895302528,-0.5991654524953465,0.21087512431318597,Fitness,Gaming,0.9340215684505923,-1.0403460488553151,1.2001928340242694,-0.2932354574862452,0.5633261606310138
STU0376,0.03602308944298066,Female,0.017024171147864246,-0.8092664128632067,0.5670380791052431,YouTube,Sometimes,1.0035967927910643,1.4492634449246415,0.26289168186453954,News,Entertainment,0.6299231256409602,0.42106407475625596,-0.20606261033469186,-1.1328021465412599,-0.4561737005289267
STU0377,0.8024718009957509,Female,-1.4016567578408217,0.01707777998554073,-2.1173171195444667,YouTube,Sometimes,1.6673974981809627,-1.1112726768503434,0.7310406998267186,Social,Fitness,-1.3880672490943438,-0.691180651014986,0.845728812760553,-0.42010331272122514,0.8511169155046968
STU0378,-0.3472012663334044,Female,-1.4016567578408217,0.6368359246221015,0.22616757768940698,Facebook,Sometimes,0.2699223289390713,0.42504899621464753,-1.5576878324328247,Entertainment,Educational,-1.2222345288652954,-0.37379367391097795,0.26569677796538127,0.6232915113988124,0.7768339849577028
STU0379,-1.4968743336625598,Female,0.7263646356422071,1.3943181014001196,-1.2651408660048762,Twitter,Often,1.0734705512531588,-0.5991654524953465,-1.401638159778765,Social,Gaming,-1.824401133748957,-1.591701648630488,1.7548753206320973,-1.1015516086708788,1.4787409574316934
STU0380,0.03602308944298066,Female,-0.6923162933464787,-1.2913005253583094,1.674867208706711,TikTok,Always,0.20004857047697674,0.9371562205696445,-0.41332356630305295,Fitness,News,1.3522646108984,1.3394604340359388,1.1335965633626015,2.028166437750871,0.4966049655289234
STU0381,0.8024718009957509,Female,0.7263646356422071,-0.5338183485802906,0.26877639036638634,Facebook,Often,1.6324606189499156,0.9371562205696445,-0.8814725842652322,News,Educational,0.45762939033805267,1.4542599789458992,-1.0030695914791692,-0.4868022219072624,1.5089878992113082
STU0382,0.41924744521936574,Male,0.017024171147864246,0.29252584426845674,-0.19992054908038823,Facebook,Sometimes,0.13017481201488215,0.42504899621464753,0.0028088941077729977,Entertainment,Educational,-0.4477741886787261,-0.0754737492487628,-0.5906023667359357,-1.4000642092237727,0.3751723904431191
STU0383,0.03602308944298066,Female,0.7263646356422071,-0.9469904450046647,1.3339967072908743,Twitter,Rarely,-0.8480578064544418,-0.08705822814034944,0.5749910271726589,Social,Gaming,1.5814152788512668,0.6800582037572735,-0.2670733873279619,-1.4392439880463401,0.5201797877983287
STU0384,-0.3472012663334044,Male,-1.4016567578408217,0.01707777998554073,-1.1373144279739378,TikTok,Often,-1.7913535456927188,-0.08705822814034944,1.5112890630970175,Gaming,News,-1.824401133748957,-0.794063288148826,0.03239500396998985,0.8504409433820306,-0.35297825210436024
STU0385,-1.1136499778861746,Female,-1.4016567578408217,1.2565940692586621,-0.9242703645890401,Twitter,Often,-0.35894149721977986,-0.08705822814034944,0.8870903724807783,Fitness,Entertainment,-0.9724086126760794,-0.9096572935771943,1.5447748280285127,-0.3086275134522537,-0.674574412496436
STU0386,-0.3472012663334044,Male,1.4357051001365502,-0.60268036465102,-1.3503584913588353,TikTok,Always,1.0385336720221117,-0.08705822814034944,-0.9855056993679389,Fitness,Gaming,-0.2009634128573112,-1.7696608047538867,1.103520828225074,-0.683633967896827,0.7101127898556124
STU0387,-0.7304256221097896,Male,1.4357051001365502,0.08593979605626943,-0.9242703645890401,Twitter,Often,-0.14932022183349614,1.4492634449246415,0.0028088941077729977,Gaming,News,-0.941395740321556,0.07865159132239513,0.17589922591190632,-1.8445681284845667,0.042011222900014494
STU0388,-1.4968743336625598,Male,0.017024171147864246,1.532042133541577,0.0983411396584685,Facebook,Always,-0.42881525568187445,-0.08705822814034944,-0.6213897965084659,Social,Educational,0.9391903805096791,-0.29673100362539917,-0.5579487114437631,-0.1155271749696003,0.9992379686313374
STU0389,1.185696156772136,Female,-0.6923162933464787,1.8763522138952218,0.5244292664282637,Facebook,Sometimes,1.562586860487821,-1.6233799012053403,-0.9855056993679389,Fitness,News,-0.1359225277804634,-0.2764722604059945,-0.20348469018004686,2.028166437750871,0.4138706836023314
STU0390,0.03602308944298066,Male,0.7263646356422071,0.7745599567635588,1.035735018552018,Instagram,Often,0.37473296663221317,1.4492634449246415,-1.2455884871247052,Entertainment,Educational,-0.5235834322120054,1.0760967721836765,0.36967289086940447,-1.8888785926291367,0.19458035570012777
STU0391,-0.3472012663334044,Male,0.017024171147864246,0.6368359246221015,-1.9468818688365483,YouTube,Sometimes,0.8289123966358279,-0.5991654524953465,1.7713718508537837,Social,Gaming,-1.7223170955819844,-0.07706267028557882,1.0072784757849864,-1.5959631033366093,2.1673036908852663
STU0392,1.185696156772136,Male,1.4357051001365502,-0.8781284289339354,-0.15731173640340884,Twitter,Always,0.6891648797116388,-0.5991654524953465,0.0548254516591263,Social,Fitness,1.857085255335919,1.0208817661543184,-2.4011616220150875,2.028166437750871,0.22705133731647859
STU0393,0.8024718009957509,Female,0.7263646356422071,0.36138786033918546,-1.179923240650917,Instagram,Often,1.2481549474083953,0.9371562205696445,-0.15324077854628668,News,Gaming,-1.824401133748957,-1.190499086834433,-0.18329098230199278,0.865832999348039,0.36627623109617363
STU0394,-1.1136499778861746,Other,1.4357051001365502,0.5679739085513722,-0.19992054908038823,YouTube,Sometimes,0.968659913560017,0.9371562205696445,0.5749910271726589,Fitness,Social,-1.0516637309154169,-0.8274306299219631,0.10414711494094825,-0.95929169746989,-0.2795849374920609
STU0395,-1.4968743336625598,Female,0.7263646356422071,-0.18950826822664596,2.4844346495693217,Twitter,Sometimes,-1.6865429079995768,-0.08705822814034944,0.627007584724012,Fitness,Social,2.464851406616925,1.7517854430897062,-1.4829923936022853,0.7165766990715919,-2.2807759825874245
STU0396,-0.3472012663334044,Female,-0.6923162933464787,-0.60268036465102,0.3113852030433661,TikTok,Sometimes,-0.498689014143969,1.4492634449246415,1.1991897177888982,Gaming,Social,0.27155215621091255,-1.1599123568757237,-2.4011616220150875,0.268807798242251,-0.24622433994101572
STU0397,1.185696156772136,Female,0.017024171147864246,-1.2913005253583094,0.950517393198059,YouTube,Often,-0.8829946856854892,1.4492634449246415,-0.7254229116111726,News,Gaming,0.32496321415481394,0.7364649005642437,-2.0033026114815105,0.42086265414888163,-0.9730405585864536
STU0398,-1.1136499778861746,Female,0.7263646356422071,-1.7733346378534118,2.100955335476506,Facebook,Sometimes,-1.5118585118443404,-1.6233799012053403,0.47095791206995224,News,Entertainment,1.7519860768011455,1.7517854430897062,-2.4011616220150875,2.028166437750871,-0.1221229170511277
STU0399,-0.7304256221097896,Male,-1.4016567578408217,-1.9799206860655985,1.2061702692599359,Instagram,Often,-1.2673003572270094,-0.08705822814034944,0.0028088941077729977,Fitness,Gaming,0.23321680010601592,-0.19106775467713102,-0.8990934785751457,0.7161102731332284,-0.08253500795722073
STU0400,-1.4968743336625598,Male,-1.4016567578408217,0.6368359246221015,-0.4555734251422654,YouTube,Sometimes,0.13017481201488215,-1.6233799012053403,-0.15324077854628668,Social,Fitness,-0.11309360785282842,-0.25462459614977345,-0.3689012334364479,0.7072481803043145,0.7652689778066742
STU0401,-1.4968743336625598,Male,0.7263646356422071,0.15480181212699873,-1.3503584913588353,YouTube,Often,0.8289123966358279,-0.08705822814034944,0.10684200921047937,News,News,-0.9543177704692741,0.19027329415872316,-0.08060382947529192,-0.28530621653405885,-0.5753822357779947
STU0402,-0.7304256221097896,Male,0.7263646356422071,-0.464956332509562,-0.029485298372469985,Facebook,Always,-0.7432471687613,-1.1112726768503434,0.21087512431318597,Gaming,Gaming,0.9189458666115875,-1.0967527456622854,0.24206584321446697,-1.8436352766078388,-0.09721367087968052
STU0403,0.03602308944298066,Male,0.7263646356422071,-0.32723230036810397,-0.5833998631732039,Twitter,Always,1.2481549474083953,-1.1112726768503434,0.1588585667618329,News,Gaming,-0.8001148773731719,1.358527486477731,0.4435732686359004,-1.163586258473277,0.9850041136762251
STU0404,-0.7304256221097896,Female,-1.4016567578408217,0.22366382819772743,-1.6060113674207124,TikTok,Always,-1.337174115689104,0.42504899621464753,0.8870903724807783,Gaming,Educational,-0.13333812175092,-1.8129589030071245,0.6021153581465812,-1.2867227062013458,-0.49264795385140275
STU0405,-1.4968743336625598,Male,-1.4016567578408217,-0.12064625215591727,0.26877639036638634,Facebook,Sometimes,-0.9528684441475838,-0.08705822814034944,0.0028088941077729977,News,Educational,0.9637422377903437,0.5112353435955672,0.07106380628966792,-0.47560799938652876,-1.8559843737707824
STU0406,-1.4968743336625598,Female,0.7263646356422071,-1.3601625414290381,0.3113852030433661,TikTok,Rarely,-0.6384365310681581,1.4492634449246415,0.26289168186453954,Gaming,Educational,-0.07045090836535874,0.5517528300343771,-0.8522612624324245,1.926952009125905,0.09672260288372876
STU0407,1.185696156772136,Female,1.4357051001365502,0.9811460049757461,1.8879112720916085,Twitter,Often,0.5144804835564023,0.9371562205696445,-0.7254229116111726,News,Gaming,0.6971176824090942,0.6200764346174676,-0.7388327756280353,0.9633160204660938,0.9912314252190868
STU0408,-1.1136499778861746,Male,1.4357051001365502,0.36138786033918546,-0.37035579978830646,YouTube,Often,-0.987805323378631,-0.5991654524953465,3.0717857896376155,News,Entertainment,0.07556803230385539,-1.4622045841299793,-1.4503387383101132,-0.2587199380473167,0.6175927326473806
STU0409,-0.7304256221097896,Female,-0.6923162933464787,0.29252584426845674,0.3113852030433661,TikTok,Often,0.724101758942686,0.42504899621464753,-0.8814725842652322,Entertainment,News,-0.6764941222933358,1.1380646926195028,-0.08189278955261457,1.3448524380477611,0.11495972954496665
STU0410,-1.1136499778861746,Female,0.017024171147864246,0.9122839889050168,-0.7112263012041425,Instagram,Rarely,-0.9179315649165365,0.9371562205696445,-0.6734063540598193,Gaming,News,-1.8015722138213217,-0.5553279023672129,1.469585490184694,-2.0316049297684895,1.1669305723212582
STU0411,-0.7304256221097896,Male,1.4357051001365502,-0.8092664128632067,0.950517393198059,Instagram,Sometimes,-1.12755284030282,-1.1112726768503434,0.9911234875834849,Gaming,Fitness,0.04627809730236113,1.7517854430897062,0.6450806940573348,-0.49846287036635983,1.001906816435421
STU0412,0.8024718009957509,Female,-1.4016567578408217,0.01707777998554073,-0.11470292372642911,Facebook,Rarely,0.40966984586326044,-0.08705822814034944,-0.41332356630305295,Gaming,Entertainment,-0.24532904969780994,-1.4931885443478925,0.1857812531713798,-0.9998707541075492,-0.38055634607989114
STU0413,-1.4968743336625598,Female,1.4357051001365502,-0.12064625215591727,-1.2225320533278967,Twitter,Always,-1.476921632613293,0.42504899621464753,0.9911234875834849,Educational,Entertainment,-0.261696954551586,-0.8556339783254483,0.7232776054149058,0.2585464275982453,0.09672260288372876
STU0414,1.185696156772136,Female,-0.6923162933464787,0.9122839889050168,0.013123514304509382,Facebook,Sometimes,1.0734705512531588,-0.08705822814034944,0.21087512431318597,News,News,0.7600048957946555,-0.03853133514278941,-2.4011616220150875,0.6153622704466262,0.22749614528382578
STU0415,-1.1136499778861746,Female,-0.6923162933464787,0.7745599567635588,0.4392116410743046,Facebook,Often,0.5144804835564023,-1.1112726768503434,-0.3613070087516997,Gaming,Social,0.816861828444615,0.021053203737812838,-0.4943600142958478,0.5995037885422542,-0.14169446761440743
STU0416,-0.7304256221097896,Female,0.017024171147864246,-1.0847144771461221,0.26877639036638634,Facebook,Rarely,-0.987805323378631,0.42504899621464753,-0.7254229116111726,Fitness,Educational,0.9400518491861941,0.9692418324577965,-0.6069291943820221,0.2800020207629846,1.0530597326803572
STU0417,1.568920512548521,Female,1.4357051001365502,0.5679739085513722,1.1209526439059767,Instagram,Often,-1.6516060287685295,-1.1112726768503434,-0.7774394691625258,Educational,Educational,0.7022864944681813,-0.0754737492487628,1.066570639341826,-0.030637654187371025,-0.6505547822596834
STU0418,0.8024718009957509,Male,-1.4016567578408217,0.36138786033918546,-1.5207937420667534,Instagram,Sometimes,0.5144804835564023,-1.6233799012053403,-0.3613070087516997,Entertainment,News,-1.2274033409243825,0.9120406751324185,0.6682819754491413,-0.47840655501671225,-0.5464697179004223
STU0419,-0.3472012663334044,Male,-1.4016567578408217,0.01707777998554073,-0.8816615519120606,Facebook,Always,0.20004857047697674,-1.1112726768503434,-0.10122422099493338,Gaming,Entertainment,0.5493758043868511,-0.3479737070627171,0.3344413154225869,-0.9000556032976752,-2.236739993820045
STU0420,0.03602308944298066,Male,0.7263646356422071,-0.051784236085187965,0.6948645171361816,Instagram,Always,-0.8829946856854892,1.4492634449246415,-0.8294560267138792,Gaming,Fitness,0.33702377562601754,-2.0560638216399814,0.3284261683950814,1.1713419889763914,-0.48197256263506855
STU0421,-1.1136499778861746,Female,-1.4016567578408217,-0.051784236085187965,-0.7538351138811219,Twitter,Sometimes,0.968659913560017,1.4492634449246415,-0.0492076634435803,Educational,Social,-1.715425346169868,-0.12075799879802052,0.6493772276484099,-1.0693682189237697,-1.788818370701345
STU0422,1.185696156772136,Male,0.017024171147864246,0.8434219728342881,0.013123514304509382,Facebook,Always,-1.3022372364580566,-0.08705822814034944,-1.0895388144706453,News,News,1.259656728173087,0.6200764346174676,1.388810658672477,-0.8109682490701706,0.2595223189328291
STU0423,-0.3472012663334044,Female,0.017024171147864246,0.6368359246221015,-2.1173171195444667,Instagram,Always,-0.6034996518371109,-0.5991654524953465,0.8350738149294251,Fitness,Educational,0.39603437996726326,-2.0493109072335134,-1.675906751841569,-0.4051776826935804,-0.927670145917032
STU0424,1.568920512548521,Female,-1.4016567578408217,0.01707777998554073,2.9105227763391173,TikTok,Always,0.8289123966358279,-1.1112726768503434,1.0431400451348385,Entertainment,Gaming,0.816861828444615,0.6895917299781703,-1.1414179731117953,-0.7559299883432308,0.8947080963047294
STU0425,0.03602308944298066,Female,-1.4016567578408217,-1.497886573570496,-0.28513817443434736,Facebook,Always,0.025364174321740297,0.9371562205696445,-0.6734063540598193,Gaming,Entertainment,-0.08251146983656231,-0.18153422845623485,0.8066303570817674,1.6708841689641256,1.3839968603867254
STU0426,1.568920512548521,Other,0.7263646356422071,0.49911189248064347,1.291387894613895,Facebook,Sometimes,-0.28906773875768527,1.4492634449246415,-0.7254229116111726,News,Gaming,-0.5537348358900143,-0.4834292254512863,-1.6625874977092352,0.9339311863491684,-0.08742789559804065
STU0427,-0.3472012663334044,Female,-1.4016567578408217,0.7745599567635588,-0.3277469871113267,Twitter,Often,-0.9179315649165365,-0.5991654524953465,0.26289168186453954,Fitness,Fitness,0.22158697297306953,-0.9608999970145121,1.0459472781046648,0.2095717040700359,-1.0197453951579167
STU0428,0.03602308944298066,Female,0.7263646356422071,2.427248342461054,0.4392116410743046,YouTube,Rarely,-0.18425710106454343,-1.6233799012053403,1.3552393904429578,Fitness,News,0.17377546142651273,-0.06713191380547845,-0.49994550796424586,-1.8301089243952857,0.2234928735777002
STU0429,1.568920512548521,Male,0.7263646356422071,1.1188700371172036,1.5896495833527513,YouTube,Rarely,-0.6384365310681581,0.42504899621464753,1.615322178199724,Entertainment,Educational,0.1436240577485038,1.4256594002832101,0.07879756675360354,-0.5045264075650903,1.7963338461176437
STU0430,1.185696156772136,Female,-1.4016567578408217,-1.9110586699948695,1.2487790819369156,Twitter,Always,1.2132180681773481,0.42504899621464753,-1.401638159778765,Social,Social,1.5818460131895242,-0.3960385684264029,-1.673758485046031,0.7030503468590392,2.1673036908852663
STU0431,-0.7304256221097896,Male,-0.6923162933464787,0.08593979605626943,-0.19992054908038823,Twitter,Sometimes,1.4927131020257263,1.4492634449246415,1.0951566026861914,Fitness,Gaming,-1.6628757569024812,-0.2141071097109641,1.379787938131219,-0.6439877631358956,-1.4325271888561824
STU0432,-1.4968743336625598,Male,-0.6923162933464787,1.8763522138952218,-0.11470292372642911,Twitter,Often,-0.07944646337140156,-0.5991654524953465,0.0028088941077729977,Social,Social,-0.23369922256486356,-0.5708198824761694,0.19222605355799277,-1.798858386524905,-1.0241934748313894
STU0433,-0.7304256221097896,Female,0.7263646356422071,0.6368359246221015,1.0783438312289975,YouTube,Always,1.1084074304842062,1.4492634449246415,0.0028088941077729977,Fitness,Fitness,0.1345786366451011,0.5684365009209452,0.7658132879665516,-0.7452021917608613,-1.364026761884703
STU0434,-0.3472012663334044,Female,-1.4016567578408217,0.36138786033918546,2.4844346495693217,Twitter,Always,-1.4070478741511985,0.42504899621464753,0.5749910271726589,Entertainment,Educational,0.5498065387251082,1.7517854430897062,-0.3310917378349847,0.7767456451205349,-0.8133544983087838
STU0435,-1.1136499778861746,Male,-0.6923162933464787,0.9811460049757461,0.22616757768940698,Instagram,Always,1.2132180681773481,-1.1112726768503434,-0.46534012385440626,Educational,Gaming,-0.9047833215696882,-1.7116651869101005,-0.977290389932717,-0.991008661278635,0.10072587458985402
STU0436,-1.4968743336625598,Female,-1.4016567578408217,-0.60268036465102,2.100955335476506,Facebook,Sometimes,-1.6865429079995768,-0.5991654524953465,1.1991897177888982,Entertainment,Fitness,1.1321593640489356,-1.0534546474090478,-0.3499964856357161,1.7888899313701916,-0.6016259058514838
STU0437,0.8024718009957509,Female,-1.4016567578408217,0.49911189248064347,-0.24252936175736758,Facebook,Rarely,1.2132180681773481,-0.08705822814034944,1.5112890630970175,Entertainment,Social,-0.0049792889502537465,1.4999414587543605,-0.360308166254297,0.11955149796580378,-0.8774068456067906
STU0438,1.185696156772136,Female,-1.4016567578408217,0.01707777998554073,1.035735018552018,TikTok,Often,-0.14932022183349614,-1.1112726768503434,1.5633056206483709,Educational,Social,-0.7669483333273622,1.1761987975030885,-0.4629953190809979,-0.5129220744556404,0.5152869001575088
STU0439,0.8024718009957509,Female,1.4357051001365502,0.01707777998554073,1.2061702692599359,TikTok,Sometimes,0.09523793278383487,-1.1112726768503434,-1.8697871777409443,Educational,Gaming,0.6984098854238661,0.12512753164926466,-0.7964063257484448,1.2874820476290023,0.017101976728567326
STU0440,0.03602308944298066,Female,-1.4016567578408217,0.8434219728342881,-0.4129646124652858,Facebook,Rarely,-1.7913535456927188,-1.1112726768503434,-0.20525733609764,News,Educational,-0.12558490366228917,-0.6304044213567717,1.0403617844362663,0.5491297871989533,-1.7247660234033382
STU0441,-1.4968743336625598,Other,1.4357051001365502,-0.9469904450046647,-0.7964439265581015,Instagram,Often,1.2830918266394427,-0.08705822814034944,-1.9738202928436508,Fitness,Social,-0.561488053978645,0.39008011453834274,0.5844995704231719,0.006676420881740607,0.9040490636190217
STU0442,0.8024718009957509,Female,0.7263646356422071,1.3254560853293909,1.2487790819369156,YouTube,Always,0.47954360432535503,-1.6233799012053403,-0.7254229116111726,News,News,1.1778172039042063,-0.349959858358737,-0.5871651398630755,0.6209593817069932,0.7941814956842463
STU0443,0.8024718009957509,Female,-0.6923162933464787,-0.3960943164388327,-0.5407910504962243,YouTube,Often,-0.7781840479923473,0.9371562205696445,-2.025836850395004,Educational,Fitness,-0.5257371039032918,-0.07467928873035463,-0.2997270426201348,-0.5124556485172767,0.015322744859178287
STU0444,1.568920512548521,Other,-0.6923162933464787,0.29252584426845674,-0.9242703645890401,Instagram,Sometimes,-1.721479787230624,1.4492634449246415,0.5229744696213058,Social,Gaming,-0.6674487011899332,-0.4909766003761625,-0.45569121197616974,-1.1659183881650965,-0.17016217752463267
STU0445,-0.7304256221097896,Female,-0.6923162933464787,-1.4290245574997669,-0.7112263012041425,YouTube,Often,-1.092615961071773,0.42504899621464753,0.26289168186453954,Social,Entertainment,0.43178533004261677,1.7084873448364684,0.16300962513868042,-1.6337436043440852,0.20481093894911515
STU0446,1.568920512548521,Male,-0.6923162933464787,0.7745599567635588,-0.5407910504962243,Twitter,Sometimes,1.2830918266394427,1.4492634449246415,-0.41332356630305295,Entertainment,Entertainment,-0.446051251325697,0.38650504220550647,0.15054967772456193,1.0822546347488873,-1.9872027241382269
STU0447,-1.4968743336625598,Male,-0.6923162933464787,1.532042133541577,0.9079085805210791,Facebook,Rarely,1.1084074304842062,-0.5991654524953465,-0.7774394691625258,Gaming,Educational,0.8349526706514203,1.3485967299976307,-1.7059824869790963,-0.5441726123260217,0.7915126478801626
STU0448,-1.4968743336625598,Male,-0.6923162933464787,-0.5338183485802906,0.5670380791052431,Facebook,Always,-0.11438334260244885,-1.6233799012053403,0.36692479696724567,Entertainment,News,1.4478876339915137,-0.5922703164731862,-2.072906455656931,0.46657239610854306,-0.6785776842025613
STU0449,-0.3472012663334044,Male,-0.6923162933464787,-1.1535764932168513,0.7800821424901406,Instagram,Often,1.1782811889463007,-0.5991654524953465,-0.9855056993679389,Entertainment,Social,0.3361623069495029,0.7253424533065312,0.9746248204928135,-0.7064888388766579,-0.9085434033210994
STU0450,1.568920512548521,Female,0.7263646356422071,0.29252584426845674,0.013123514304509382,YouTube,Always,1.1433443097152536,1.4492634449246415,-1.0895388144706453,Gaming,Entertainment,-0.47017237426810404,0.4655538637871058,-0.5631045517530534,0.14333922082236278,-0.5660412684637024
STU0451,0.41924744521936574,Female,-1.4016567578408217,1.532042133541577,-0.6260086758501834,TikTok,Rarely,0.3397960874011659,0.42504899621464753,-1.1935719295733518,Fitness,Educational,-1.824401133748957,-2.2205171489504436,1.7712021482781835,2.028166437750871,1.7051482128114537
STU0452,-0.7304256221097896,Female,0.017024171147864246,-1.497886573570496,0.7374733298131613,TikTok,Always,1.562586860487821,-0.08705822814034944,-0.15324077854628668,Educational,Fitness,1.2691328836147469,1.7517854430897062,-1.1229428786701714,-0.2512571230334942,-0.8000102592883659
STU0453,-1.4968743336625598,Male,1.4357051001365502,-1.1535764932168513,1.291387894613895,YouTube,Often,-0.498689014143969,1.4492634449246415,-0.5693732389571129,Social,News,1.5753849981156656,1.5205974322329696,0.8843976150802314,1.882175119042971,1.310158737807079
STU0454,-0.3472012663334044,Female,0.017024171147864246,-0.464956332509562,0.6522557044592022,TikTok,Often,-1.3022372364580566,-1.1112726768503434,-0.3613070087516997,Entertainment,News,0.30041135687414966,0.033367341773137396,0.6442213873391193,0.15733199897327954,-0.08031096812048451
STU0455,1.568920512548521,Female,0.017024171147864246,-0.8092664128632067,0.013123514304509382,Instagram,Often,-0.009572704909306989,1.4492634449246415,0.5749910271726589,Gaming,Educational,0.3891426305551471,0.41510562086819547,-0.7371141621916052,0.8275860724021998,-0.8680658782924979
STU0456,-0.7304256221097896,Female,-1.4016567578408217,-0.8092664128632067,-0.7964439265581015,Instagram,Always,0.9337230343289697,-1.1112726768503434,1.0431400451348385,News,Educational,-0.08638807888087756,1.0899998312558172,-2.24390849258173,1.266959306340991,-0.6896978833862429
STU0457,1.568920512548521,Female,-1.4016567578408217,-2.1176447182070564,0.22616757768940698,YouTube,Often,-0.2191939802955907,-0.08705822814034944,1.5633056206483709,Entertainment,Social,0.8633811369764,0.30944237191992763,-2.3268315908894843,0.3252453367842826,-0.6719055646923523
STU0458,0.8024718009957509,Female,-1.4016567578408217,0.6368359246221015,-0.8816615519120606,TikTok,Often,-0.9528684441475838,1.4492634449246415,0.10684200921047937,Social,Educational,0.08332125039248622,0.24072153707763316,0.05258871184804394,-0.6789697085131878,0.31512331485123773
STU0459,-0.3472012663334044,Male,-0.6923162933464787,0.36138786033918546,-0.029485298372469985,Instagram,Always,-1.092615961071773,-1.6233799012053403,0.4189413545185992,Educational,Social,1.22605944978902,-0.49812674504183474,1.3742024444628214,0.05098688502631096,0.4432280094472513
STU0460,-0.7304256221097896,Female,0.7263646356422071,-1.7044726217826829,-1.7338378054516508,Instagram,Always,1.2481549474083953,-1.6233799012053403,0.26289168186453954,Entertainment,Social,-0.7613487869300177,0.6617856118338891,-0.799843552621305,-0.47420872157143706,-0.16171082614503468
STU0461,0.03602308944298066,Male,-0.6923162933464787,1.532042133541577,-1.7338378054516508,Twitter,Often,-1.6516060287685295,-0.08705822814034944,-1.6617209475355312,Entertainment,Gaming,-0.6179142522903472,-1.5722373659294913,1.0059895157076637,1.315467603930836,-0.5544762613126731
STU0462,0.03602308944298066,Male,0.7263646356422071,1.7386281817537643,-0.19992054908038823,Twitter,Often,0.6192911212495442,-0.08705822814034944,-0.3092904512003466,Fitness,News,-0.15229043263423972,1.0741106208876565,1.7952627363882054,-1.6169522705629849,-0.9192187945374339
STU0463,-0.7304256221097896,Female,0.7263646356422071,-0.7404043967924774,-0.5833998631732039,Instagram,Often,-0.18425710106454343,-1.6233799012053403,-0.3092904512003466,Gaming,Fitness,0.47442802953008617,-0.6923723417925981,-0.15708212739643318,-2.0372020410288565,-1.225246676072355
STU0464,1.568920512548521,Male,0.017024171147864246,1.1877320531879323,0.14094995233544788,YouTube,Sometimes,1.2132180681773481,-0.08705822814034944,0.0028088941077729977,News,News,-0.18545697668004957,-0.693166802311006,0.7168328050282925,-2.010615762542114,-1.3070913420642525
STU0465,-0.3472012663334044,Female,0.017024171147864246,-0.60268036465102,-0.11470292372642911,Facebook,Often,0.5494173627874496,-0.08705822814034944,0.0028088941077729977,News,News,-0.6342821571441235,-0.9207797408349068,0.5419638878715262,-0.9835458462648127,0.9102763751618835
STU0466,0.03602308944298066,Male,0.7263646356422071,0.22366382819772743,0.05573232698148875,Facebook,Always,1.3529655851015372,0.42504899621464753,-0.15324077854628668,Educational,Gaming,0.2504461736363066,-0.7404372031562839,0.23089485587767083,0.9880365951993804,-0.6630094053454071
STU0467,-0.3472012663334044,Female,0.7263646356422071,-0.8781284289339354,0.6522557044592022,Instagram,Always,-1.1974265987649149,-1.1112726768503434,-0.9855056993679389,Social,Social,2.1254327480701973,1.0725216998508407,-0.9141313461439095,1.2469029909913432,0.3128992750145015
STU0468,0.03602308944298066,Male,-0.6923162933464787,0.01707777998554073,-0.4981822378192449,Instagram,Sometimes,-1.092615961071773,1.4492634449246415,-0.10122422099493338,Educational,Social,-0.48481734176885116,-0.023833815552240956,0.43154297458088997,-1.095488071472148,-1.154077401296792
STU0469,0.8024718009957509,Other,-0.6923162933464787,-0.2583702842973753,-0.19992054908038823,Instagram,Often,1.3879024643325846,-1.1112726768503434,-0.6213897965084659,Entertainment,Educational,0.6721350907901726,0.8679481163607728,-0.07544798916600132,-0.12345641592178663,-0.3667672990921257
STU0470,1.568920512548521,Female,0.017024171147864246,0.15480181212699873,1.547040770675772,YouTube,Sometimes,1.6324606189499156,-1.1112726768503434,-2.025836850395004,Entertainment,Gaming,0.016557427962609693,0.8878096293209735,0.4594704429228794,-0.9457653452573369,0.30622715550429225
STU0471,0.8024718009957509,Male,-1.4016567578408217,-0.6715423807217487,0.013123514304509382,Twitter,Always,1.1782811889463007,-0.08705822814034944,-1.401638159778765,News,Educational,-0.3086469974216284,-0.26098028029703785,1.3239330014472397,-0.7946433412274345,-0.17727910500218916
STU0472,0.03602308944298066,Female,0.7263646356422071,0.01707777998554073,-0.15731173640340884,Instagram,Always,-1.0227422026096784,-0.08705822814034944,0.1588585667618329,Social,Gaming,-0.2009634128573112,-0.27369164859156636,0.620590452588205,0.794936256716727,0.9209517663782184
STU0473,0.8024718009957509,Other,-0.6923162933464787,1.9452142299659516,0.0983411396584685,Instagram,Often,0.40966984586326044,-0.5991654524953465,1.1991897177888982,Gaming,Educational,-0.3418135414674379,-1.4264538608016177,1.131018643207956,1.0789896531803405,1.3310647122724004
STU0474,0.03602308944298066,Female,0.017024171147864246,1.6697661656830356,-0.15731173640340884,TikTok,Always,0.5144804835564023,-1.1112726768503434,-2.025836850395004,Social,Entertainment,-0.04159170770212165,-1.7382796142767696,0.31553656762185517,-0.28950404997933377,-0.05807056975312105
STU0475,-0.7304256221097896,Male,-0.6923162933464787,0.9811460049757461,-0.7538351138811219,YouTube,Often,-0.42881525568187445,-0.5991654524953465,-0.8294560267138792,Entertainment,News,-1.2342950903364989,-1.0403460488553151,0.3520571031459957,1.4017564025281566,-0.48686545027588846
STU0476,0.8024718009957509,Female,0.7263646356422071,-0.60268036465102,-1.0520968026199786,Instagram,Often,-1.476921632613293,-1.1112726768503434,0.5229744696213058,Gaming,News,0.3396081816555612,-2.0536804400847575,0.5080212725020307,0.6167615482617179,0.5704430881085699
STU0477,-1.1136499778861746,Female,0.7263646356422071,0.8434219728342881,-0.7964439265581015,TikTok,Rarely,1.2830918266394427,-0.5991654524953465,0.9911234875834849,Social,Fitness,-0.42020719103026083,-1.6234800693668092,1.5374707209236844,1.0635975972143312,1.853269265938094
STU0478,1.568920512548521,Female,1.4357051001365502,0.01707777998554073,0.950517393198059,Facebook,Often,-0.009572704909306989,-0.08705822814034944,-0.3613070087516997,Social,Social,0.6997020884386379,1.7517854430897062,-1.1594634141943119,-0.02504054292700438,-0.8275883532638965
STU0479,-1.4968743336625598,Female,-1.4016567578408217,1.3943181014001196,-0.668617488527163,Instagram,Often,0.6891648797116388,0.42504899621464753,-0.6734063540598193,Gaming,Fitness,-0.38273330360187857,-2.014751874682764,-0.6451683433425928,1.3126690483006525,-1.7212075596645602
STU0480,0.41924744521936574,Male,1.4357051001365502,1.1877320531879323,-0.15731173640340884,Instagram,Often,0.7939755174047807,-0.5991654524953465,1.3032228328916047,Entertainment,Entertainment,-0.599823410083542,-1.3775945389195239,-0.19832884987075625,2.028166437750871,-0.05718095381842637
STU0481,0.8024718009957509,Male,0.017024171147864246,-0.6715423807217487,0.7800821424901406,TikTok,Often,0.3048592081701186,-0.08705822814034944,0.8870903724807783,Social,Fitness,0.04584736296410395,0.7444095057483242,-0.1343104993637338,-0.19575243636819054,0.2862107969736653
STU0482,1.185696156772136,Female,-0.6923162933464787,0.9811460049757461,-0.28513817443434736,YouTube,Always,0.40966984586326044,-0.5991654524953465,0.9391069300321317,Gaming,News,1.0335212005880208,-0.3638629174308776,0.8573294534564568,-0.0003199681937177825,0.9841144977415307
STU0483,1.568920512548521,Male,0.017024171147864246,0.7056979406928301,0.6948645171361816,Instagram,Sometimes,-1.6516060287685295,-1.1112726768503434,-0.41332356630305295,Fitness,Social,-0.39220945904353843,-0.36187676613485764,-1.1152091182062358,-1.0525768851426693,0.4792574548023799
STU0484,-1.1136499778861746,Male,0.7263646356422071,-2.875126894985075,0.013123514304509382,Facebook,Often,0.025364174321740297,-0.5991654524953465,1.1991897177888982,Fitness,Entertainment,-0.10060231204336736,-1.1849378632055767,-2.4011616220150875,-1.7438201257979649,-0.09009674340212437
STU0485,-1.1136499778861746,Female,1.4357051001365502,0.8434219728342881,-0.11470292372642911,Instagram,Often,0.09523793278383487,-1.6233799012053403,-1.9738202928436508,Entertainment,News,1.0821941808110926,0.30388114829107143,-0.4896338273456649,-1.2284194639058588,0.9698806427864177
STU0486,0.03602308944298066,Female,1.4357051001365502,-0.3960943164388327,0.0983411396584685,Facebook,Often,-0.5336258933750163,0.9371562205696445,1.251206275340251,Gaming,Educational,-0.6243752673642063,-0.20814865582290393,-0.028186119664172723,-0.8286924347279989,-0.7230584809372881
STU0487,0.03602308944298066,Female,1.4357051001365502,-0.8781284289339354,0.05573232698148875,Twitter,Often,0.13017481201488215,-1.1112726768503434,0.0028088941077729977,Fitness,Gaming,0.4124022848210396,1.378786229697136,-1.4804144734476403,0.2716063538724345,0.15009955896540086
STU0488,0.41924744521936574,Female,0.017024171147864246,-0.8781284289339354,-1.7338378054516508,Twitter,Sometimes,0.234985449708024,-1.6233799012053403,0.0028088941077729977,Gaming,Entertainment,-0.4520815320612988,-0.9231631223901309,-0.662354477706894,-1.6668598459679218,-1.246597458505024
STU0489,-0.7304256221097896,Female,0.7263646356422071,-0.12064625215591727,1.291387894613895,Facebook,Sometimes,1.4228393435636317,-1.1112726768503434,-0.9334891418165856,Social,Social,-0.7759937544307649,1.636191437661338,0.2532368305512628,0.3662908193603056,0.3467046805328939
STU0490,1.185696156772136,Female,-0.6923162933464787,0.49911189248064347,-0.8816615519120606,YouTube,Often,0.584354242018497,-0.08705822814034944,-1.8177706201895911,Entertainment,Fitness,-0.6773555909698504,0.5076602712627315,0.5342301274075902,-0.04602971015337955,-1.486348952905202
STU0491,-1.4968743336625598,Female,-0.6923162933464787,-1.3601625414290381,0.35399401572034545,Instagram,Often,0.724101758942686,0.9371562205696445,0.1588585667618329,Fitness,Fitness,-0.6187757209668618,0.45284249549257705,0.1638689318568956,-0.3944498861112106,-1.1487397056886248
STU0492,0.41924744521936574,Male,0.017024171147864246,0.22366382819772743,0.013123514304509382,Instagram,Sometimes,0.234985449708024,0.9371562205696445,0.627007584724012,Social,Entertainment,-0.16219732241415677,0.6582105395010528,-0.0006883046812904679,-0.3683300335628326,2.0609945866892687
STU0493,-0.3472012663334044,Male,1.4357051001365502,0.6368359246221015,1.0783438312289975,Twitter,Often,-1.7564166664616714,-0.08705822814034944,0.7830572573780721,Educational,Social,1.1308671610341638,-1.038757127818499,-0.8110145399581011,-0.21580875171783812,-2.2807759825874245
STU0494,-1.4968743336625598,Female,-1.4016567578408217,1.9452142299659516,2.356608211538383,Facebook,Often,0.44460672509430776,0.9371562205696445,0.6790241422753654,Educational,Entertainment,-1.824401133748957,0.5938592375100022,-0.2864077884878011,0.42645976540924796,-0.7137175136229957
STU0495,0.8024718009957509,Female,0.017024171147864246,0.01707777998554073,-1.3503584913588353,Instagram,Often,0.2699223289390713,-0.08705822814034944,0.4189413545185992,Entertainment,Social,-0.615760580599061,0.8270333996627592,0.6785936560677225,-1.3016483362289906,0.7528143547209507
STU0496,1.568920512548521,Male,0.017024171147864246,-0.32723230036810397,-0.668617488527163,Instagram,Always,-0.044509584140354275,-1.6233799012053403,-0.8814725842652322,Fitness,Fitness,0.9818330799971491,0.2371464647447969,-1.8000765726236463,0.11815222015071203,2.1673036908852663
STU0497,-0.3472012663334044,Male,0.7263646356422071,0.29252584426845674,0.22616757768940698,YouTube,Sometimes,-0.7781840479923473,0.42504899621464753,0.8350738149294251,Fitness,News,-1.824401133748957,1.7517854430897062,1.7406967597815486,-0.8501480278927381,0.11673896141435569
STU0498,-0.3472012663334044,Male,-0.6923162933464787,1.1877320531879323,-1.179923240650917,TikTok,Rarely,-1.4419847533822459,-1.1112726768503434,-1.0375222569192921,Fitness,Educational,0.5028564958550661,-0.7591070253388726,1.0511031184139548,-1.8921435741976844,0.17233995733276433
STU0499,0.41924744521936574,Male,0.017024171147864246,-0.32723230036810397,0.8652997678440998,Twitter,Always,1.3879024643325846,-0.08705822814034944,1.1991897177888982,Gaming,News,1.1519731436087697,0.4452951205677008,-1.0387308202850944,1.1447557104896497,0.33780852118594834
